dish_id,restaurant_id,name,description,category,price,currency,ingredients,allergens,dietary_tags,spicy_level,calories,available
1,1,Craft beer,"Craft beer is a drink dish, made mainly with basic amenities. Contains allergens: sulphites, fish and milk.",drink,6.61,EUR,,sulphites;fish;milk,,0,87,True
2,1,House burger,"House burger is a main dish, made mainly with mushrooms, potato, white fish and rice. No declared allergens. Spice level: 1/5.",main,24.88,EUR,mushrooms;potato;white fish;rice,,,1,625,True
3,1,Spicy fried potatoes,"Spicy fried potatoes is a small plate dish, made mainly with cheese, tomato, bell pepper, milk, parsley and seafood. Contains allergens: peanuts. Spice level: 1/5.",small plate,7.8,EUR,cheese;tomato;bell pepper;milk;parsley;seafood,peanuts,,1,217,True
4,1,Warm mixed salad,"Warm mixed salad is a starter dish, made mainly with parsley, tomato and spinach. Suitable for the following diets: vegan and kosher. No declared allergens.",starter,10.26,EUR,parsley;tomato;spinach,,vegan;kosher,0,248,True
5,1,Cola,"Cola is a drink dish, made mainly with basic amenities. Suitable for the following diets: vegan and vegetarian. Contains allergens: molluscs, gluten and milk. Spice level: 1/5.",drink,5.76,EUR,,molluscs;gluten;milk,vegan;vegetarian,1,76,True
6,1,Cola (traditional),"Cola (traditional) is a drink dish, made mainly with basic amenities. Contains allergens: sesame. Spice level: 1/5.",drink,5.73,EUR,,sesame,,1,139,False
7,1,Grilled sirloin steak,"Grilled sirloin steak is a main dish, made mainly with rice and lemon. No declared allergens. Spice level: 2/5.",main,28.48,EUR,rice;lemon,,,2,823,True
8,1,Fresh pasta with wild mushrooms,"Fresh pasta with wild mushrooms is a main dish, made mainly with sugar and chocolate. Suitable for the following diets: vegetarian. No declared allergens. Spice level: 4/5.",main,26.68,EUR,sugar;chocolate,,vegetarian,4,663,True
9,1,Homemade custard,"Homemade custard is a dessert dish, made mainly with flour, cheese, rice, beef and potato. Contains allergens: milk and egg. Spice level: 2/5.",dessert,5.44,EUR,flour;cheese;rice;beef;potato,milk;egg,,2,408,True
10,1,Specialty coffee,"Specialty coffee is a drink dish, made mainly with basic amenities. Contains allergens: lupin and soy. Spice level: 1/5.",drink,2.52,EUR,,lupin;soy,,1,119,True
11,1,Homemade custard (chef's special),"Homemade custard (chef's special) is a dessert dish, made mainly with beef, spinach, egg, pork, lemon and flour. Suitable for the following diets: lactose_free. No declared allergens. Spice level: 2/5.",dessert,9.26,EUR,beef;spinach;egg;pork;lemon;flour,,lactose_free,2,395,True
12,1,Hummus with crudités,"Hummus with crudités is a starter dish, made mainly with olive oil, tomato, white fish and chocolate. Contains allergens: shellfish and tree nuts.",starter,11.84,EUR,olive oil;tomato;white fish;chocolate,shellfish;tree nuts,,0,270,True
13,1,Beef carpaccio,"Beef carpaccio is a starter dish, made mainly with mushrooms and beef. No declared allergens. Spice level: 2/5.",starter,10.05,EUR,mushrooms;beef,,,2,213,True
14,1,Cream mille-feuille,"Cream mille-feuille is a dessert dish, made mainly with white fish, rice, onion and cream. Contains allergens: milk and egg. Spice level: 1/5.",dessert,6.04,EUR,white fish;rice;onion;cream,milk;egg,,1,444,True
15,1,Grilled sirloin steak (traditional),"Grilled sirloin steak (traditional) is a main dish, made mainly with tomato, milk, pork, bell pepper, cheese and onion. No declared allergens.",main,32.69,EUR,tomato;milk;pork;bell pepper;cheese;onion,,,0,674,True
16,1,Warm mixed salad (chef's special),"Warm mixed salad (chef's special) is a starter dish, made mainly with cheese, garlic, mushrooms and almond. No declared allergens. Spice level: 1/5.",starter,12.6,EUR,cheese;garlic;mushrooms;almond,,,1,210,True
17,1,Mineral water,"Mineral water is a drink dish, made mainly with basic amenities. Contains allergens: gluten.",drink,6.56,EUR,,gluten,,0,2,False
18,1,Spanish-style omelette,"Spanish-style omelette is a small plate dish, made mainly with sugar, seafood and mushrooms. No declared allergens. Spice level: 2/5.",small plate,7.16,EUR,sugar;seafood;mushrooms,,,2,212,True
19,1,Mineral water (traditional),"Mineral water (traditional) is a drink dish, made mainly with basic amenities. No declared allergens.",drink,5.96,EUR,,,,0,132,True
20,1,Soup of the day,"Soup of the day is a starter dish, made mainly with almond, spinach and egg. No declared allergens.",starter,14.92,EUR,almond;spinach;egg,,,0,280,True
21,1,Garden risotto,"Garden risotto is a main dish, made mainly with chicken, garlic, beef, almond and pork. No declared allergens. Spice level: 2/5.",main,28.36,EUR,chicken;garlic;beef;almond;pork,,,2,634,True
22,1,Chocolate lava cake,"Chocolate lava cake is a dessert dish, made mainly with onion, rice, tomato, paprika and milk. No declared allergens.",dessert,8.73,EUR,onion;rice;tomato;paprika;milk,,,0,342,True
23,1,Craft beer (traditional),"Craft beer (traditional) is a drink dish, made mainly with basic amenities. Contains allergens: lupin. Spice level: 3/5.",drink,5.07,EUR,,lupin,,3,63,True
24,1,Garden risotto (signature),"Garden risotto (signature) is a main dish, made mainly with garlic, beef and egg. Contains allergens: lupin and mustard.",main,15.33,EUR,garlic;beef;egg,lupin;mustard,,0,632,True
25,1,Cola (chef's special),"Cola (chef's special) is a drink dish, made mainly with basic amenities. No declared allergens.",drink,5.11,EUR,,,,0,122,False
26,1,Soup of the day (house style),"Soup of the day (house style) is a starter dish, made mainly with white fish, onion, milk, beef, seafood and olive oil. Suitable for the following diets: vegetarian. Contains allergens: sulphites, milk and shellfish. Spice level: 1/5.",starter,15.07,EUR,white fish;onion;milk;beef;seafood;olive oil,sulphites;milk;shellfish,vegetarian,1,298,True
27,2,Cream mille-feuille,"Cream mille-feuille is a dessert dish, made mainly with olive oil, chicken and onion. No declared allergens.",dessert,6.06,EUR,olive oil;chicken;onion,,,0,306,True
28,2,Artisan ice cream,"Artisan ice cream is a dessert dish, made mainly with cheese, olive oil, chicken, sugar and chocolate. Contains allergens: fish.",dessert,5.76,EUR,cheese;olive oil;chicken;sugar;chocolate,fish,,0,347,True
29,2,Charcuterie board,"Charcuterie board is a starter dish, made mainly with cream, sugar, pork, chicken, potato and white fish. Suitable for the following diets: lactose_free. No declared allergens.",starter,10.62,EUR,cream;sugar;pork;chicken;potato;white fish,,lactose_free,0,307,True
30,2,Beef carpaccio,"Beef carpaccio is a starter dish, made mainly with potato and paprika. Suitable for the following diets: lactose_free. No declared allergens. Spice level: 1/5.",starter,8.18,EUR,potato;paprika,,lactose_free,1,212,True
31,2,Craft beer,"Craft beer is a drink dish, made mainly with basic amenities. No declared allergens.",drink,3.04,EUR,,,,0,125,True
32,2,Confit cod,"Confit cod is a main dish, made mainly with cream, sugar, seafood, mushrooms and beef. Suitable for the following diets: vegan. No declared allergens. Spice level: 2/5.",main,16.47,EUR,cream;sugar;seafood;mushrooms;beef,,vegan,2,614,True
33,2,Seasonal fruit,"Seasonal fruit is a dessert dish, made mainly with olive oil, beef, paprika, flour and sugar. Suitable for the following diets: vegetarian. No declared allergens. Spice level: 1/5.",dessert,7.28,EUR,olive oil;beef;paprika;flour;sugar,,vegetarian,1,440,True
34,2,Fresh juice,"Fresh juice is a drink dish, made mainly with basic amenities. Suitable for the following diets: kosher. No declared allergens.",drink,3.73,EUR,,,kosher,0,98,True
35,2,Garlic shrimp,"Garlic shrimp is a small plate dish, made mainly with beef, paprika and seafood. No declared allergens.",small plate,6.39,EUR,beef;paprika;seafood,,,0,243,True
36,2,Confit cod (signature),"Confit cod (signature) is a main dish, made mainly with egg and milk. Contains allergens: peanuts and egg.",main,14.9,EUR,egg;milk,peanuts;egg,,0,595,True
37,2,Garlic shrimp (signature),"Garlic shrimp (signature) is a small plate dish, made mainly with pork, cream and garlic. No declared allergens.",small plate,3.97,EUR,pork;cream;garlic,,,0,212,True
38,2,Beef carpaccio (traditional),"Beef carpaccio (traditional) is a starter dish, made mainly with seafood, pork and flour. No declared allergens.",starter,7.09,EUR,seafood;pork;flour,,,0,284,False
39,2,Charcuterie board (traditional),"Charcuterie board (traditional) is a starter dish, made mainly with onion, cream and seafood. Contains allergens: milk, lupin and egg. Spice level: 3/5.",starter,8.82,EUR,onion;cream;seafood,milk;lupin;egg,,3,225,True
40,3,Garlic shrimp,"Garlic shrimp is a small plate dish, made mainly with bell pepper, egg, mushrooms and rice. Suitable for the following diets: lactose_free and halal. No declared allergens.",small plate,6.1,EUR,bell pepper;egg;mushrooms;rice,,lactose_free;halal,0,266,True
41,3,Mineral water,"Mineral water is a drink dish, made mainly with basic amenities. Contains allergens: tree nuts and soy.",drink,3.56,EUR,,tree nuts;soy,,0,155,True
42,3,Charcuterie board,"Charcuterie board is a starter dish, made mainly with almond and bell pepper. No declared allergens.",starter,11.37,EUR,almond;bell pepper,,,0,264,True
43,3,Charcuterie board (signature),"Charcuterie board (signature) is a starter dish, made mainly with bell pepper, cheese, paprika, tomato and milk. No declared allergens.",starter,8.48,EUR,bell pepper;cheese;paprika;tomato;milk,,,0,238,True
44,3,Hummus with crudités,"Hummus with crudités is a starter dish, made mainly with spinach, cream, chocolate and white fish. Suitable for the following diets: kosher and halal. No declared allergens. Spice level: 1/5.",starter,10.1,EUR,spinach;cream;chocolate;white fish,,kosher;halal,1,292,True
45,3,Oven-baked sea bass,"Oven-baked sea bass is a main dish, made mainly with chicken, paprika and parsley. No declared allergens.",main,7.74,EUR,chicken;paprika;parsley,,,0,526,False
46,3,Soup of the day,"Soup of the day is a starter dish, made mainly with tomato and bell pepper. No declared allergens.",starter,7.05,EUR,tomato;bell pepper,,,0,227,True
47,3,Charcuterie board (chef's special),"Charcuterie board (chef's special) is a starter dish, made mainly with cheese, cream, potato and chicken. No declared allergens. Spice level: 2/5.",starter,4.47,EUR,cheese;cream;potato;chicken,,,2,322,True
48,3,Garlic shrimp (chef's special),"Garlic shrimp (chef's special) is a small plate dish, made mainly with sugar, paprika and chicken. Contains allergens: tree nuts.",small plate,5.13,EUR,sugar;paprika;chicken,tree nuts,,0,208,True
49,3,Homemade custard,"Homemade custard is a dessert dish, made mainly with milk and egg. Suitable for the following diets: lactose_free. No declared allergens.",dessert,5.26,EUR,milk;egg,,lactose_free,0,299,True
50,3,Cheesecake,"Cheesecake is a dessert dish, made mainly with milk, onion, seafood, bell pepper, almond and parsley. Contains allergens: soy. Spice level: 2/5.",dessert,4.06,EUR,milk;onion;seafood;bell pepper;almond;parsley,soy,,2,229,True
51,3,Garlic shrimp (signature),"Garlic shrimp (signature) is a small plate dish, made mainly with parsley, sugar, spinach and white fish. Contains allergens: peanuts. Spice level: 1/5.",small plate,6.35,EUR,parsley;sugar;spinach;white fish,peanuts,,1,228,False
52,3,Hummus with crudités (chef's special),"Hummus with crudités (chef's special) is a starter dish, made mainly with spinach, chocolate and flour. No declared allergens.",starter,6.39,EUR,spinach;chocolate;flour,,,0,290,True
53,3,Grilled peppers,"Grilled peppers is a small plate dish, made mainly with onion and tomato. No declared allergens. Spice level: 1/5.",small plate,3.38,EUR,onion;tomato,,,1,152,True
54,3,Homemade custard (house style),"Homemade custard (house style) is a dessert dish, made mainly with olive oil, potato and sugar. No declared allergens.",dessert,8.71,EUR,olive oil;potato;sugar,,,0,356,True
55,3,Cheesecake (chef's special),"Cheesecake (chef's special) is a dessert dish, made mainly with potato and white fish. Contains allergens: milk, fish and sesame.",dessert,6.17,EUR,potato;white fish,milk;fish;sesame,,0,256,True
56,3,Chicken curry,"Chicken curry is a main dish, made mainly with flour, rice, garlic, spinach and tomato. No declared allergens.",main,15.76,EUR,flour;rice;garlic;spinach;tomato,,,0,853,True
57,3,Grilled peppers (chef's special),"Grilled peppers (chef's special) is a small plate dish, made mainly with potato, paprika, sugar and parsley. Suitable for the following diets: halal. Contains allergens: lupin.",small plate,3.18,EUR,potato;paprika;sugar;parsley,lupin,halal,0,158,True
58,3,Chocolate lava cake,"Chocolate lava cake is a dessert dish, made mainly with garlic, spinach, bell pepper, flour and pork. Contains allergens: shellfish, gluten and mustard.",dessert,6.51,EUR,garlic;spinach;bell pepper;flour;pork,shellfish;gluten;mustard,,0,286,True
59,4,Confit cod,"Confit cod is a main dish, made mainly with potato and pork. Contains allergens: lupin. Spice level: 1/5.",main,33.09,EUR,potato;pork,lupin,,1,584,True
60,4,Garlic shrimp,"Garlic shrimp is a small plate dish, made mainly with beef, parsley, tomato, onion and white fish. Contains allergens: soy.",small plate,9.93,EUR,beef;parsley;tomato;onion;white fish,soy,,0,226,True
61,4,Mineral water,"Mineral water is a drink dish, made mainly with basic amenities. No declared allergens. Spice level: 1/5.",drink,7.12,EUR,,,,1,30,True
62,4,Creamy seafood rice,"Creamy seafood rice is a main dish, made mainly with lemon, sugar, garlic, mushrooms and cream. No declared allergens.",main,17.95,EUR,lemon;sugar;garlic;mushrooms;cream,,,0,561,True
63,4,Fresh pasta with wild mushrooms,"Fresh pasta with wild mushrooms is a main dish, made mainly with onion and tomato. No declared allergens.",main,24.08,EUR,onion;tomato,,,0,771,True
64,4,Cheesecake,"Cheesecake is a dessert dish, made mainly with almond, cheese, chocolate, bell pepper and egg. No declared allergens.",dessert,6.67,EUR,almond;cheese;chocolate;bell pepper;egg,,,0,464,True
65,4,Confit cod (chef's special),"Confit cod (chef's special) is a main dish, made mainly with chicken and garlic. Contains allergens: milk. Spice level: 3/5.",main,28.67,EUR,chicken;garlic,milk,,3,693,False
66,4,Hummus with crudités,"Hummus with crudités is a starter dish, made mainly with onion, garlic and bell pepper. Contains allergens: gluten and soy. Spice level: 1/5.",starter,9.26,EUR,onion;garlic;bell pepper,gluten;soy,,1,252,True
67,4,Creamy seafood rice (traditional),"Creamy seafood rice (traditional) is a main dish, made mainly with rice, cream, chocolate, seafood, chicken and milk. No declared allergens. Spice level: 2/5.",main,28.16,EUR,rice;cream;chocolate;seafood;chicken;milk,,,2,602,True
68,4,Creamy seafood rice (chef's special),"Creamy seafood rice (chef's special) is a main dish, made mainly with cream, beef, garlic, rice, bell pepper and flour. Contains allergens: egg. Spice level: 2/5.",main,31.02,EUR,cream;beef;garlic;rice;bell pepper;flour,egg,,2,867,True
69,4,Artisan ice cream,"Artisan ice cream is a dessert dish, made mainly with tomato and cream. Suitable for the following diets: lactose_free and gluten_free. No declared allergens. Spice level: 2/5.",dessert,13.3,EUR,tomato;cream,,lactose_free;gluten_free,2,436,True
70,4,House burger,"House burger is a main dish, made mainly with milk, onion, chicken, rice and cheese. Contains allergens: celery, gluten and sesame.",main,26.05,EUR,milk;onion;chicken;rice;cheese,celery;gluten;sesame,,0,633,True
71,4,Grilled peppers,"Grilled peppers is a small plate dish, made mainly with rice, tomato, white fish, lemon, egg and parsley. No declared allergens. Spice level: 2/5.",small plate,8.28,EUR,rice;tomato;white fish;lemon;egg;parsley,,,2,222,False
72,4,Grilled peppers (signature),"Grilled peppers (signature) is a small plate dish, made mainly with egg, spinach, sugar, almond and flour. Contains allergens: tree nuts, sulphites and shellfish.",small plate,6.22,EUR,egg;spinach;sugar;almond;flour,tree nuts;sulphites;shellfish,,0,184,False
73,4,House wine (glass),"House wine (glass) is a drink dish, made mainly with basic amenities. Contains allergens: gluten, mustard and peanuts. Spice level: 1/5.",drink,4.12,EUR,,gluten;mustard;peanuts,,1,130,True
74,4,Charcuterie board,"Charcuterie board is a starter dish, made mainly with beef, potato, milk and tomato. Contains allergens: gluten, soy and tree nuts. Spice level: 1/5.",starter,7.64,EUR,beef;potato;milk;tomato,gluten;soy;tree nuts,,1,195,True
75,4,Garlic shrimp (traditional),"Garlic shrimp (traditional) is a small plate dish, made mainly with milk and potato. Suitable for the following diets: vegetarian and kosher. Contains allergens: peanuts and tree nuts. Spice level: 3/5.",small plate,9.07,EUR,milk;potato,peanuts;tree nuts,vegetarian;kosher,3,180,True
76,4,Charcuterie board (chef's special),"Charcuterie board (chef's special) is a starter dish, made mainly with white fish, onion, mushrooms, chicken, sugar and beef. Suitable for the following diets: halal. No declared allergens. Spice level: 1/5.",starter,11.19,EUR,white fish;onion;mushrooms;chicken;sugar;beef,,halal,1,213,True
77,5,Creamy seafood rice,"Creamy seafood rice is a main dish, made mainly with paprika, egg, garlic and parsley. Contains allergens: fish and gluten. Spice level: 2/5.",main,9.15,EUR,paprika;egg;garlic;parsley,fish;gluten,,2,761,True
78,5,Confit cod,"Confit cod is a main dish, made mainly with tomato, potato, seafood, onion, pork and bell pepper. Suitable for the following diets: vegetarian and gluten_free. No declared allergens.",main,3.7,EUR,tomato;potato;seafood;onion;pork;bell pepper,,vegetarian;gluten_free,0,712,True
79,5,Confit cod (house style),"Confit cod (house style) is a main dish, made mainly with cheese, almond and parsley. No declared allergens. Spice level: 5/5.",main,7.09,EUR,cheese;almond;parsley,,,5,764,True
80,5,Spanish-style omelette,"Spanish-style omelette is a small plate dish, made mainly with flour and onion. No declared allergens.",small plate,2.21,EUR,flour;onion,,,0,184,True
81,5,Charcuterie board,"Charcuterie board is a starter dish, made mainly with almond, seafood and chicken. No declared allergens.",starter,4.7,EUR,almond;seafood;chicken,,,0,286,False
82,5,Creamy seafood rice (traditional),"Creamy seafood rice (traditional) is a main dish, made mainly with parsley, cream, lemon and chicken. Contains allergens: shellfish, mustard and fish.",main,8.26,EUR,parsley;cream;lemon;chicken,shellfish;mustard;fish,,0,632,True
83,5,Cream mille-feuille,"Cream mille-feuille is a dessert dish, made mainly with white fish, olive oil, garlic and egg. Contains allergens: mustard. Spice level: 3/5.",dessert,4.5,EUR,white fish;olive oil;garlic;egg,mustard,,3,427,True
84,5,Soup of the day,"Soup of the day is a starter dish, made mainly with almond, mushrooms, chocolate and cream. No declared allergens. Spice level: 2/5.",starter,5.76,EUR,almond;mushrooms;chocolate;cream,,,2,252,True
85,5,Warm mixed salad,"Warm mixed salad is a starter dish, made mainly with egg, seafood, bell pepper, cheese and chocolate. Contains allergens: egg and soy. Spice level: 3/5.",starter,7.03,EUR,egg;seafood;bell pepper;cheese;chocolate,egg;soy,,3,324,True
86,5,Cream mille-feuille (traditional),"Cream mille-feuille (traditional) is a dessert dish, made mainly with sugar, egg, pork, almond and cream. No declared allergens. Spice level: 1/5.",dessert,6.09,EUR,sugar;egg;pork;almond;cream,,,1,315,True
87,5,Craft beer,"Craft beer is a drink dish, made mainly with basic amenities. Contains allergens: sesame and lupin.",drink,3.1,EUR,,sesame;lupin,,0,169,True
88,5,House wine (glass),"House wine (glass) is a drink dish, made mainly with basic amenities. Contains allergens: gluten and mustard.",drink,2.25,EUR,,gluten;mustard,,0,102,True
89,5,Grilled peppers,"Grilled peppers is a small plate dish, made mainly with bell pepper, onion and sugar. No declared allergens.",small plate,2.69,EUR,bell pepper;onion;sugar,,,0,239,True
90,5,Grilled peppers (traditional),"Grilled peppers (traditional) is a small plate dish, made mainly with cream, milk, chicken and potato. Contains allergens: mustard and molluscs. Spice level: 1/5.",small plate,2.91,EUR,cream;milk;chicken;potato,mustard;molluscs,,1,225,True
91,5,Oven-baked sea bass,"Oven-baked sea bass is a main dish, made mainly with mushrooms, rice, tomato, cream, chocolate and seafood. Suitable for the following diets: gluten_free. Contains allergens: sulphites, tree nuts and celery. Spice level: 3/5.",main,13.25,EUR,mushrooms;rice;tomato;cream;chocolate;seafood,sulphites;tree nuts;celery,gluten_free,3,696,True
92,5,Spicy fried potatoes,"Spicy fried potatoes is a small plate dish, made mainly with garlic, bell pepper, beef and sugar. No declared allergens. Spice level: 2/5.",small plate,2.2,EUR,garlic;bell pepper;beef;sugar,,,2,218,True
93,5,Creamy seafood rice (house style),"Creamy seafood rice (house style) is a main dish, made mainly with paprika, garlic, chocolate, white fish, onion and egg. Contains allergens: shellfish and celery. Spice level: 3/5.",main,7.39,EUR,paprika;garlic;chocolate;white fish;onion;egg,shellfish;celery,,3,646,True
94,5,Cheesecake,"Cheesecake is a dessert dish, made mainly with paprika, rice and beef. Contains allergens: lupin, fish and sulphites.",dessert,4.03,EUR,paprika;rice;beef,lupin;fish;sulphites,,0,491,True
95,6,Cola,"Cola is a drink dish, made mainly with basic amenities. No declared allergens. Spice level: 1/5.",drink,3.51,EUR,,,,1,106,True
96,6,Cream mille-feuille,"Cream mille-feuille is a dessert dish, made mainly with chicken, parsley, seafood, cream, flour and potato. No declared allergens. Spice level: 3/5.",dessert,5.59,EUR,chicken;parsley;seafood;cream;flour;potato,,,3,325,True
97,6,Seasonal fruit,"Seasonal fruit is a dessert dish, made mainly with pork, olive oil, chicken, almond and egg. No declared allergens. Spice level: 1/5.",dessert,4.48,EUR,pork;olive oil;chicken;almond;egg,,,1,448,True
98,6,Hummus with crudités,"Hummus with crudités is a starter dish, made mainly with chocolate, bell pepper, almond, cream and lemon. Suitable for the following diets: vegetarian and lactose_free. Contains allergens: gluten.",starter,9.49,EUR,chocolate;bell pepper;almond;cream;lemon,gluten,vegetarian;lactose_free,0,255,True
99,6,Garden risotto,"Garden risotto is a main dish, made mainly with cheese, beef, onion, cream and sugar. No declared allergens.",main,12.69,EUR,cheese;beef;onion;cream;sugar,,,0,582,True
100,6,Seasonal fruit (signature),"Seasonal fruit (signature) is a dessert dish, made mainly with bell pepper, lemon, mushrooms and tomato. Suitable for the following diets: vegan. No declared allergens. Spice level: 2/5.",dessert,5.6,EUR,bell pepper;lemon;mushrooms;tomato,,vegan,2,334,True
101,6,Warm mixed salad,"Warm mixed salad is a starter dish, made mainly with rice, seafood, mushrooms, almond, potato and chocolate. Contains allergens: peanuts. Spice level: 3/5.",starter,9.62,EUR,rice;seafood;mushrooms;almond;potato;chocolate,peanuts,,3,233,True
102,6,Spicy fried potatoes,"Spicy fried potatoes is a small plate dish, made mainly with almond and flour. Suitable for the following diets: vegan. Contains allergens: molluscs, tree nuts and gluten.",small plate,5.61,EUR,almond;flour,molluscs;tree nuts;gluten,vegan,0,205,True
103,6,Soup of the day,"Soup of the day is a starter dish, made mainly with bell pepper, sugar, beef, garlic and flour. No declared allergens.",starter,6.51,EUR,bell pepper;sugar;beef;garlic;flour,,,0,344,True
104,6,Hummus with crudités (signature),"Hummus with crudités (signature) is a starter dish, made mainly with rice, lemon, pork, white fish and egg. No declared allergens.",starter,8.35,EUR,rice;lemon;pork;white fish;egg,,,0,327,True
105,6,House burger,"House burger is a main dish, made mainly with beef, cream, pork, mushrooms, flour and chicken. Contains allergens: sulphites, milk and soy. Spice level: 1/5.",main,21.53,EUR,beef;cream;pork;mushrooms;flour;chicken,sulphites;milk;soy,,1,830,True
106,6,Cheesecake,"Cheesecake is a dessert dish, made mainly with cream, spinach, olive oil and parsley. Contains allergens: molluscs.",dessert,5.13,EUR,cream;spinach;olive oil;parsley,molluscs,,0,413,True
107,6,Garden risotto (signature),"Garden risotto (signature) is a main dish, made mainly with cream, flour, spinach, chicken, onion and almond. Contains allergens: sulphites and soy.",main,15.0,EUR,cream;flour;spinach;chicken;onion;almond,sulphites;soy,,0,719,True
108,6,Cheesecake (traditional),"Cheesecake (traditional) is a dessert dish, made mainly with mushrooms, cream, white fish, parsley and chicken. Contains allergens: celery, lupin and sulphites.",dessert,5.08,EUR,mushrooms;cream;white fish;parsley;chicken,celery;lupin;sulphites,,0,238,True
109,6,Artisan ice cream,"Artisan ice cream is a dessert dish, made mainly with sugar, olive oil, potato, rice, milk and almond. Contains allergens: tree nuts, fish and sesame.",dessert,6.17,EUR,sugar;olive oil;potato;rice;milk;almond,tree nuts;fish;sesame,,0,385,True
110,6,House burger (traditional),"House burger (traditional) is a main dish, made mainly with flour, white fish, lemon and seafood. Suitable for the following diets: vegetarian and halal. Contains allergens: fish. Spice level: 4/5.",main,22.33,EUR,flour;white fish;lemon;seafood,fish,vegetarian;halal,4,532,True
111,6,Confit cod,"Confit cod is a main dish, made mainly with potato, flour and chocolate. Suitable for the following diets: vegetarian. No declared allergens.",main,17.96,EUR,potato;flour;chocolate,,vegetarian,0,790,True
112,6,Hummus with crudités (chef's special),"Hummus with crudités (chef's special) is a starter dish, made mainly with lemon, potato, garlic, seafood and parsley. Contains allergens: soy. Spice level: 3/5.",starter,7.65,EUR,lemon;potato;garlic;seafood;parsley,soy,,3,266,True
113,6,Fresh juice,"Fresh juice is a drink dish, made mainly with basic amenities. No declared allergens.",drink,2.41,EUR,,,,0,86,True
114,6,Cheesecake (signature),"Cheesecake (signature) is a dessert dish, made mainly with potato, beef, spinach and olive oil. Contains allergens: soy, mustard and molluscs. Spice level: 4/5.",dessert,7.4,EUR,potato;beef;spinach;olive oil,soy;mustard;molluscs,,4,491,True
115,6,Artisan ice cream (house style),"Artisan ice cream (house style) is a dessert dish, made mainly with garlic, lemon and bell pepper. Contains allergens: lupin, gluten and soy.",dessert,7.29,EUR,garlic;lemon;bell pepper,lupin;gluten;soy,,0,508,True
116,6,Garden risotto (traditional),"Garden risotto (traditional) is a main dish, made mainly with mushrooms, cheese and almond. Contains allergens: soy, peanuts and celery.",main,13.36,EUR,mushrooms;cheese;almond,soy;peanuts;celery,,0,850,True
117,6,Oven-baked sea bass,"Oven-baked sea bass is a main dish, made mainly with egg, mushrooms and milk. Contains allergens: sesame and egg.",main,20.35,EUR,egg;mushrooms;milk,sesame;egg,,0,570,True
118,6,Beef carpaccio,"Beef carpaccio is a starter dish, made mainly with sugar, egg, rice and lemon. Contains allergens: milk. Spice level: 3/5.",starter,10.11,EUR,sugar;egg;rice;lemon,milk,,3,182,False
119,6,Beef carpaccio (signature),"Beef carpaccio (signature) is a starter dish, made mainly with olive oil, seafood, beef and flour. No declared allergens.",starter,8.9,EUR,olive oil;seafood;beef;flour,,,0,312,True
120,6,Grilled sirloin steak,"Grilled sirloin steak is a main dish, made mainly with parsley, onion, spinach and tomato. No declared allergens. Spice level: 5/5.",main,19.68,EUR,parsley;onion;spinach;tomato,,,5,645,True
121,6,Garden risotto,"Garden risotto is a main dish, made mainly with bell pepper, garlic and egg. Suitable for the following diets: kosher. No declared allergens. Spice level: 1/5.",main,11.4,EUR,bell pepper;garlic;egg,,kosher,1,521,True
122,6,Grilled peppers,"Grilled peppers is a small plate dish, made mainly with sugar, tomato, white fish, paprika, chocolate and potato. No declared allergens. Spice level: 4/5.",small plate,5.65,EUR,sugar;tomato;white fish;paprika;chocolate;potato,,,4,197,True
123,6,Cured ham,"Cured ham is a small plate dish, made mainly with garlic and rice. No declared allergens. Spice level: 1/5.",small plate,3.72,EUR,garlic;rice,,,1,237,True
124,6,Chicken curry,"Chicken curry is a main dish, made mainly with potato, parsley, sugar, tomato and pork. Contains allergens: egg and soy. Spice level: 2/5.",main,11.44,EUR,potato;parsley;sugar;tomato;pork,egg;soy,,2,530,True
125,7,Marinated anchovies,"Marinated anchovies is a small plate dish, made mainly with potato and white fish. No declared allergens. Spice level: 2/5.",small plate,7.73,EUR,potato;white fish,,,2,210,True
126,7,Cola,"Cola is a drink dish, made mainly with basic amenities. Contains allergens: sulphites.",drink,6.14,EUR,,sulphites,,0,191,True
127,7,Beef carpaccio,"Beef carpaccio is a starter dish, made mainly with chicken, rice, beef, potato and pork. Contains allergens: peanuts, egg and tree nuts.",starter,14.54,EUR,chicken;rice;beef;potato;pork,peanuts;egg;tree nuts,,0,259,True
128,7,Chocolate lava cake,"Chocolate lava cake is a dessert dish, made mainly with spinach and cheese. Contains allergens: sulphites. Spice level: 1/5.",dessert,6.59,EUR,spinach;cheese,sulphites,,1,345,True
129,7,Garlic shrimp,"Garlic shrimp is a small plate dish, made mainly with garlic, flour, almond and rice. Contains allergens: peanuts, gluten and egg. Spice level: 1/5.",small plate,6.87,EUR,garlic;flour;almond;rice,peanuts;gluten;egg,,1,145,True
130,7,Cream mille-feuille,"Cream mille-feuille is a dessert dish, made mainly with onion, white fish, chocolate, olive oil, parsley and seafood. Suitable for the following diets: lactose_free. No declared allergens.",dessert,9.35,EUR,onion;white fish;chocolate;olive oil;parsley;seafood,,lactose_free,0,351,True
131,7,Garden risotto,"Garden risotto is a main dish, made mainly with potato, tomato, milk, lemon, chocolate and spinach. Contains allergens: sulphites, milk and tree nuts.",main,22.16,EUR,potato;tomato;milk;lemon;chocolate;spinach,sulphites;milk;tree nuts,,0,571,True
132,7,Fresh pasta with wild mushrooms,"Fresh pasta with wild mushrooms is a main dish, made mainly with olive oil, egg, sugar, beef, spinach and cheese. Suitable for the following diets: halal. Contains allergens: celery. Spice level: 4/5.",main,27.25,EUR,olive oil;egg;sugar;beef;spinach;cheese,celery,halal,4,728,False
133,7,Cola (traditional),"Cola (traditional) is a drink dish, made mainly with basic amenities. No declared allergens.",drink,4.72,EUR,,,,0,120,True
134,7,Warm mixed salad,"Warm mixed salad is a starter dish, made mainly with rice, potato and pork. Contains allergens: shellfish.",starter,7.63,EUR,rice;potato;pork,shellfish,,0,245,True
135,7,Mineral water,"Mineral water is a drink dish, made mainly with basic amenities. Contains allergens: egg and tree nuts.",drink,4.31,EUR,,egg;tree nuts,,0,125,True
136,7,Fresh pasta with wild mushrooms (chef's special),"Fresh pasta with wild mushrooms (chef's special) is a main dish, made mainly with white fish, almond and bell pepper. Contains allergens: peanuts and sesame.",main,29.5,EUR,white fish;almond;bell pepper,peanuts;sesame,,0,612,True
137,7,Craft beer,"Craft beer is a drink dish, made mainly with basic amenities. Suitable for the following diets: gluten_free. Contains allergens: molluscs.",drink,5.29,EUR,,molluscs,gluten_free,0,184,True
138,7,Homemade croquettes,"Homemade croquettes is a starter dish, made mainly with cream, rice and onion. Contains allergens: egg, soy and milk.",starter,13.04,EUR,cream;rice;onion,egg;soy;milk,,0,239,True
139,7,Soup of the day,"Soup of the day is a starter dish, made mainly with potato, cheese and paprika. No declared allergens.",starter,15.9,EUR,potato;cheese;paprika,,,0,241,True
140,7,Mineral water (house style),"Mineral water (house style) is a drink dish, made mainly with basic amenities. Contains allergens: sesame, tree nuts and gluten. Spice level: 4/5.",drink,4.49,EUR,,sesame;tree nuts;gluten,,4,33,True
141,7,Creamy seafood rice,"Creamy seafood rice is a main dish, made mainly with milk, flour, seafood, cream, white fish and mushrooms. No declared allergens. Spice level: 5/5.",main,28.97,EUR,milk;flour;seafood;cream;white fish;mushrooms,,,5,529,True
142,7,Beef carpaccio (signature),"Beef carpaccio (signature) is a starter dish, made mainly with rice, flour, lemon and sugar. No declared allergens.",starter,12.42,EUR,rice;flour;lemon;sugar,,,0,347,True
143,7,Charcuterie board,"Charcuterie board is a starter dish, made mainly with beef, egg, white fish and paprika. No declared allergens.",starter,14.5,EUR,beef;egg;white fish;paprika,,,0,244,True
144,7,Seasonal fruit,"Seasonal fruit is a dessert dish, made mainly with seafood and sugar. Contains allergens: shellfish, fish and egg.",dessert,9.29,EUR,seafood;sugar,shellfish;fish;egg,,0,438,True
145,7,Garden risotto (signature),"Garden risotto (signature) is a main dish, made mainly with sugar, flour and spinach. No declared allergens.",main,28.6,EUR,sugar;flour;spinach,,,0,495,True
146,7,Charcuterie board (traditional),"Charcuterie board (traditional) is a starter dish, made mainly with egg, cheese, tomato and potato. Suitable for the following diets: kosher and vegan. No declared allergens. Spice level: 2/5.",starter,9.95,EUR,egg;cheese;tomato;potato,,kosher;vegan,2,227,True
147,7,Chicken curry,"Chicken curry is a main dish, made mainly with flour, mushrooms, chicken, onion, seafood and spinach. Contains allergens: peanuts, sulphites and molluscs.",main,25.01,EUR,flour;mushrooms;chicken;onion;seafood;spinach,peanuts;sulphites;molluscs,,0,569,True
148,7,Homemade custard,"Homemade custard is a dessert dish, made mainly with egg and rice. Suitable for the following diets: kosher and gluten_free. Contains allergens: sesame, fish and peanuts.",dessert,6.6,EUR,egg;rice,sesame;fish;peanuts,kosher;gluten_free,0,397,True
149,7,Cream mille-feuille (signature),"Cream mille-feuille (signature) is a dessert dish, made mainly with spinach, egg, parsley, lemon and white fish. Contains allergens: celery, gluten and soy.",dessert,12.1,EUR,spinach;egg;parsley;lemon;white fish,celery;gluten;soy,,0,283,True
150,8,Oven-baked sea bass,"Oven-baked sea bass is a main dish, made mainly with paprika and spinach. No declared allergens. Spice level: 1/5.",main,13.93,EUR,paprika;spinach,,,1,565,True
151,8,Confit cod,"Confit cod is a main dish, made mainly with paprika, milk, tomato, bell pepper and lemon. Contains allergens: mustard and milk. Spice level: 2/5.",main,13.33,EUR,paprika;milk;tomato;bell pepper;lemon,mustard;milk,,2,847,True
152,8,Garden risotto,"Garden risotto is a main dish, made mainly with bell pepper, cheese, lemon, olive oil, paprika and sugar. No declared allergens.",main,17.9,EUR,bell pepper;cheese;lemon;olive oil;paprika;sugar,,,0,642,True
153,8,Specialty coffee,"Specialty coffee is a drink dish, made mainly with basic amenities. Contains allergens: milk.",drink,4.0,EUR,,milk,,0,101,True
154,8,Cream mille-feuille,"Cream mille-feuille is a dessert dish, made mainly with flour, mushrooms, cheese and chicken. No declared allergens.",dessert,8.85,EUR,flour;mushrooms;cheese;chicken,,,0,228,True
155,8,Oven-baked sea bass (chef's special),"Oven-baked sea bass (chef's special) is a main dish, made mainly with almond, milk, parsley and potato. Suitable for the following diets: kosher and lactose_free. No declared allergens. Spice level: 4/5.",main,14.12,EUR,almond;milk;parsley;potato,,kosher;lactose_free,4,800,True
156,8,Seasonal fruit,"Seasonal fruit is a dessert dish, made mainly with garlic, lemon, spinach, egg, tomato and white fish. Suitable for the following diets: lactose_free and vegan. No declared allergens. Spice level: 4/5.",dessert,6.33,EUR,garlic;lemon;spinach;egg;tomato;white fish,,lactose_free;vegan,4,493,True
157,8,Cream mille-feuille (chef's special),"Cream mille-feuille (chef's special) is a dessert dish, made mainly with milk, seafood and sugar. Suitable for the following diets: vegetarian and gluten_free. No declared allergens.",dessert,3.17,EUR,milk;seafood;sugar,,vegetarian;gluten_free,0,319,True
158,8,Charcuterie board,"Charcuterie board is a starter dish, made mainly with milk, chicken, potato, almond, flour and olive oil. No declared allergens. Spice level: 3/5.",starter,6.54,EUR,milk;chicken;potato;almond;flour;olive oil,,,3,259,True
159,8,Creamy seafood rice,"Creamy seafood rice is a main dish, made mainly with flour, cream, cheese, garlic and egg. No declared allergens.",main,15.77,EUR,flour;cream;cheese;garlic;egg,,,0,651,True
160,8,Seasonal fruit (chef's special),"Seasonal fruit (chef's special) is a dessert dish, made mainly with cheese, sugar, almond and onion. Suitable for the following diets: halal. Contains allergens: milk, molluscs and egg. Spice level: 2/5.",dessert,3.6,EUR,cheese;sugar;almond;onion,milk;molluscs;egg,halal,2,392,True
161,8,Soup of the day,"Soup of the day is a starter dish, made mainly with cream, rice and beef. No declared allergens. Spice level: 1/5.",starter,7.39,EUR,cream;rice;beef,,,1,227,True
162,8,House wine (glass),"House wine (glass) is a drink dish, made mainly with basic amenities. No declared allergens. Spice level: 1/5.",drink,2.76,EUR,,,,1,167,True
163,8,Cola,"Cola is a drink dish, made mainly with basic amenities. No declared allergens. Spice level: 1/5.",drink,2.82,EUR,,,,1,108,True
164,8,Craft beer,"Craft beer is a drink dish, made mainly with basic amenities. Contains allergens: fish and sulphites.",drink,2.39,EUR,,fish;sulphites,,0,63,True
165,8,Grilled peppers,"Grilled peppers is a small plate dish, made mainly with spinach, pork and bell pepper. Contains allergens: soy and sulphites. Spice level: 3/5.",small plate,4.84,EUR,spinach;pork;bell pepper,soy;sulphites,,3,191,True
166,8,Oven-baked sea bass (traditional),"Oven-baked sea bass (traditional) is a main dish, made mainly with white fish, flour, seafood, cheese, cream and potato. No declared allergens.",main,12.53,EUR,white fish;flour;seafood;cheese;cream;potato,,,0,519,True
167,8,Cheesecake,"Cheesecake is a dessert dish, made mainly with bell pepper, beef and lemon. No declared allergens. Spice level: 1/5.",dessert,5.29,EUR,bell pepper;beef;lemon,,,1,438,True
168,8,Grilled sirloin steak,"Grilled sirloin steak is a main dish, made mainly with chicken, sugar, rice, seafood, onion and cheese. No declared allergens.",main,18.11,EUR,chicken;sugar;rice;seafood;onion;cheese,,,0,446,True
169,8,Spanish-style omelette,"Spanish-style omelette is a small plate dish, made mainly with milk and spinach. Contains allergens: peanuts.",small plate,4.6,EUR,milk;spinach,peanuts,,0,195,False
170,8,Marinated anchovies,"Marinated anchovies is a small plate dish, made mainly with lemon and beef. No declared allergens. Spice level: 1/5.",small plate,4.59,EUR,lemon;beef,,,1,149,True
171,8,Marinated anchovies (signature),"Marinated anchovies (signature) is a small plate dish, made mainly with spinach, almond and cream. No declared allergens. Spice level: 1/5.",small plate,4.78,EUR,spinach;almond;cream,,,1,232,True
172,8,Warm mixed salad,"Warm mixed salad is a starter dish, made mainly with rice, lemon, cream, pork, spinach and tomato. No declared allergens.",starter,7.09,EUR,rice;lemon;cream;pork;spinach;tomato,,,0,253,True
173,8,Cream mille-feuille (signature),"Cream mille-feuille (signature) is a dessert dish, made mainly with almond, egg, lemon and beef. Contains allergens: soy.",dessert,6.16,EUR,almond;egg;lemon;beef,soy,,0,445,True
174,8,Chicken curry,"Chicken curry is a main dish, made mainly with flour, pork, parsley, milk, olive oil and potato. Contains allergens: celery and tree nuts.",main,14.24,EUR,flour;pork;parsley;milk;olive oil;potato,celery;tree nuts,,0,662,True
175,9,Grilled peppers,"Grilled peppers is a small plate dish, made mainly with rice, almond and olive oil. Suitable for the following diets: gluten_free and kosher. No declared allergens. Spice level: 2/5.",small plate,4.19,EUR,rice;almond;olive oil,,gluten_free;kosher,2,153,True
176,9,Seasonal fruit,"Seasonal fruit is a dessert dish, made mainly with potato, rice, almond and cheese. No declared allergens. Spice level: 1/5.",dessert,6.55,EUR,potato;rice;almond;cheese,,,1,502,True
177,9,Cured ham,"Cured ham is a small plate dish, made mainly with chicken, beef, cream and pork. Contains allergens: soy and sulphites. Spice level: 1/5.",small plate,4.0,EUR,chicken;beef;cream;pork,soy;sulphites,,1,128,True
178,9,House burger,"House burger is a main dish, made mainly with onion, egg, seafood, parsley and bell pepper. No declared allergens.",main,15.03,EUR,onion;egg;seafood;parsley;bell pepper,,,0,637,True
179,9,Chicken curry,"Chicken curry is a main dish, made mainly with egg, cheese, white fish and mushrooms. Suitable for the following diets: lactose_free and gluten_free. Contains allergens: molluscs.",main,14.19,EUR,egg;cheese;white fish;mushrooms,molluscs,lactose_free;gluten_free,0,766,True
180,9,Garden risotto,"Garden risotto is a main dish, made mainly with almond and paprika. Contains allergens: shellfish, peanuts and mustard.",main,18.75,EUR,almond;paprika,shellfish;peanuts;mustard,,0,590,True
181,9,Confit cod,"Confit cod is a main dish, made mainly with bell pepper, sugar, garlic, white fish and almond. No declared allergens. Spice level: 3/5.",main,12.73,EUR,bell pepper;sugar;garlic;white fish;almond,,,3,689,True
182,9,Seasonal fruit (chef's special),"Seasonal fruit (chef's special) is a dessert dish, made mainly with mushrooms, flour, pork and chocolate. No declared allergens. Spice level: 1/5.",dessert,6.06,EUR,mushrooms;flour;pork;chocolate,,,1,489,True
183,9,Grilled peppers (chef's special),"Grilled peppers (chef's special) is a small plate dish, made mainly with milk, chicken, seafood and white fish. Contains allergens: peanuts and mustard.",small plate,4.99,EUR,milk;chicken;seafood;white fish,peanuts;mustard,,0,165,True
184,9,House burger (chef's special),"House burger (chef's special) is a main dish, made mainly with flour and seafood. Contains allergens: gluten, celery and soy.",main,16.69,EUR,flour;seafood,gluten;celery;soy,,0,425,True
185,10,Seasonal fruit,"Seasonal fruit is a dessert dish, made mainly with mushrooms and potato. No declared allergens.",dessert,4.17,EUR,mushrooms;potato,,,0,481,False
186,10,Specialty coffee,"Specialty coffee is a drink dish, made mainly with basic amenities. Contains allergens: tree nuts and lupin. Spice level: 5/5.",drink,2.49,EUR,,tree nuts;lupin,,5,138,True
187,10,Artisan ice cream,"Artisan ice cream is a dessert dish, made mainly with almond, chocolate, egg, tomato, cheese and spinach. Contains allergens: gluten, lupin and shellfish.",dessert,7.1,EUR,almond;chocolate;egg;tomato;cheese;spinach,gluten;lupin;shellfish,,0,446,True
188,10,Fresh pasta with wild mushrooms,"Fresh pasta with wild mushrooms is a main dish, made mainly with seafood, chocolate, spinach, bell pepper, rice and paprika. Suitable for the following diets: vegan and vegetarian. Contains allergens: egg.",main,11.87,EUR,seafood;chocolate;spinach;bell pepper;rice;paprika,egg,vegan;vegetarian,0,757,True
189,10,Fresh pasta with wild mushrooms (house style),"Fresh pasta with wild mushrooms (house style) is a main dish, made mainly with potato, egg, beef and chicken. Suitable for the following diets: vegan. No declared allergens.",main,14.25,EUR,potato;egg;beef;chicken,,vegan,0,758,True
190,10,Garden risotto,"Garden risotto is a main dish, made mainly with cheese, onion and milk. Contains allergens: shellfish. Spice level: 1/5.",main,13.08,EUR,cheese;onion;milk,shellfish,,1,884,True
191,10,Seasonal fruit (house style),"Seasonal fruit (house style) is a dessert dish, made mainly with olive oil, cream and sugar. No declared allergens.",dessert,8.79,EUR,olive oil;cream;sugar,,,0,467,True
192,10,Chicken curry,"Chicken curry is a main dish, made mainly with olive oil, milk, tomato, chocolate, cheese and egg. No declared allergens. Spice level: 4/5.",main,23.11,EUR,olive oil;milk;tomato;chocolate;cheese;egg,,,4,719,True
193,10,Creamy seafood rice,"Creamy seafood rice is a main dish, made mainly with cream, tomato, beef, sugar and parsley. No declared allergens.",main,12.26,EUR,cream;tomato;beef;sugar;parsley,,,0,801,True
194,10,Grilled sirloin steak,"Grilled sirloin steak is a main dish, made mainly with lemon and rice. No declared allergens.",main,15.21,EUR,lemon;rice,,,0,587,True
195,10,Marinated anchovies,"Marinated anchovies is a small plate dish, made mainly with seafood, olive oil and potato. Contains allergens: peanuts.",small plate,5.3,EUR,seafood;olive oil;potato,peanuts,,0,238,True
196,10,Warm mixed salad,"Warm mixed salad is a starter dish, made mainly with onion, sugar, bell pepper, egg and mushrooms. Suitable for the following diets: vegetarian. Contains allergens: fish.",starter,5.66,EUR,onion;sugar;bell pepper;egg;mushrooms,fish,vegetarian,0,274,True
197,10,Garlic shrimp,"Garlic shrimp is a small plate dish, made mainly with bell pepper, lemon, parsley, tomato and pork. Contains allergens: fish and soy.",small plate,4.96,EUR,bell pepper;lemon;parsley;tomato;pork,fish;soy,,0,140,True
198,11,Craft beer,"Craft beer is a drink dish, made mainly with basic amenities. Contains allergens: shellfish. Spice level: 1/5.",drink,2.14,EUR,,shellfish,,1,147,True
199,11,Creamy seafood rice,"Creamy seafood rice is a main dish, made mainly with white fish, chocolate, milk and paprika. Contains allergens: molluscs and fish.",main,9.0,EUR,white fish;chocolate;milk;paprika,molluscs;fish,,0,745,True
200,11,Mineral water,"Mineral water is a drink dish, made mainly with basic amenities. No declared allergens. Spice level: 4/5.",drink,1.99,EUR,,,,4,11,True
201,11,Chocolate lava cake,"Chocolate lava cake is a dessert dish, made mainly with cream, almond, seafood, rice, parsley and spinach. Contains allergens: tree nuts.",dessert,4.46,EUR,cream;almond;seafood;rice;parsley;spinach,tree nuts,,0,441,True
202,11,Confit cod,"Confit cod is a main dish, made mainly with white fish, cream, almond and mushrooms. No declared allergens.",main,6.8,EUR,white fish;cream;almond;mushrooms,,,0,875,True
203,11,Beef carpaccio,"Beef carpaccio is a starter dish, made mainly with bell pepper, olive oil, chicken, milk, sugar and parsley. Contains allergens: fish and soy.",starter,4.7,EUR,bell pepper;olive oil;chicken;milk;sugar;parsley,fish;soy,,0,255,False
204,11,Charcuterie board,"Charcuterie board is a starter dish, made mainly with rice, bell pepper, paprika, chicken, tomato and almond. No declared allergens. Spice level: 1/5.",starter,6.14,EUR,rice;bell pepper;paprika;chicken;tomato;almond,,,1,334,True
205,11,Garlic shrimp,"Garlic shrimp is a small plate dish, made mainly with chicken, chocolate, flour, potato, seafood and paprika. Contains allergens: sesame. Spice level: 1/5.",small plate,3.94,EUR,chicken;chocolate;flour;potato;seafood;paprika,sesame,,1,218,True
206,11,Cola,"Cola is a drink dish, made mainly with basic amenities. Suitable for the following diets: gluten_free. Contains allergens: peanuts.",drink,1.62,EUR,,peanuts,gluten_free,0,53,True
207,11,Chicken curry,"Chicken curry is a main dish, made mainly with garlic and beef. No declared allergens.",main,8.72,EUR,garlic;beef,,,0,633,True
208,11,Cola (house style),"Cola (house style) is a drink dish, made mainly with basic amenities. Contains allergens: molluscs. Spice level: 4/5.",drink,1.2,EUR,,molluscs,,4,164,True
209,11,Fresh pasta with wild mushrooms,"Fresh pasta with wild mushrooms is a main dish, made mainly with seafood, garlic and chicken. Suitable for the following diets: vegan. No declared allergens. Spice level: 1/5.",main,8.73,EUR,seafood;garlic;chicken,,vegan,1,490,True
210,11,Beef carpaccio (traditional),"Beef carpaccio (traditional) is a starter dish, made mainly with parsley and olive oil. No declared allergens. Spice level: 1/5.",starter,3.85,EUR,parsley;olive oil,,,1,256,True
211,11,Garden risotto,"Garden risotto is a main dish, made mainly with garlic, almond and sugar. Contains allergens: gluten and milk.",main,11.13,EUR,garlic;almond;sugar,gluten;milk,,0,558,True
212,12,Fresh juice,"Fresh juice is a drink dish, made mainly with basic amenities. Contains allergens: shellfish and sesame. Spice level: 1/5.",drink,3.03,EUR,,shellfish;sesame,,1,71,True
213,12,Warm mixed salad,"Warm mixed salad is a starter dish, made mainly with beef, parsley, flour and white fish. Suitable for the following diets: lactose_free and vegetarian. Contains allergens: soy and egg. Spice level: 1/5.",starter,9.07,EUR,beef;parsley;flour;white fish,soy;egg,lactose_free;vegetarian,1,220,True
214,12,Chicken curry,"Chicken curry is a main dish, made mainly with mushrooms, lemon, spinach, cheese and flour. No declared allergens.",main,19.15,EUR,mushrooms;lemon;spinach;cheese;flour,,,0,782,True
215,12,Specialty coffee,"Specialty coffee is a drink dish, made mainly with basic amenities. Contains allergens: soy. Spice level: 1/5.",drink,4.0,EUR,,soy,,1,90,True
216,12,Specialty coffee (traditional),"Specialty coffee (traditional) is a drink dish, made mainly with basic amenities. No declared allergens. Spice level: 2/5.",drink,2.48,EUR,,,,2,63,True
217,12,Specialty coffee (house style),"Specialty coffee (house style) is a drink dish, made mainly with basic amenities. Suitable for the following diets: vegan. No declared allergens. Spice level: 1/5.",drink,2.84,EUR,,,vegan,1,105,True
218,12,Confit cod,"Confit cod is a main dish, made mainly with milk, onion, white fish and chocolate. No declared allergens.",main,10.33,EUR,milk;onion;white fish;chocolate,,,0,671,True
219,12,Confit cod (house style),"Confit cod (house style) is a main dish, made mainly with garlic, white fish, seafood, lemon and mushrooms. No declared allergens.",main,11.26,EUR,garlic;white fish;seafood;lemon;mushrooms,,,0,677,True
220,12,Homemade custard,"Homemade custard is a dessert dish, made mainly with cream, parsley, potato, cheese, rice and beef. No declared allergens.",dessert,5.39,EUR,cream;parsley;potato;cheese;rice;beef,,,0,298,True
221,12,Warm mixed salad (house style),"Warm mixed salad (house style) is a starter dish, made mainly with pork, flour, chocolate, parsley, mushrooms and almond. No declared allergens.",starter,8.72,EUR,pork;flour;chocolate;parsley;mushrooms;almond,,,0,239,True
222,12,Cream mille-feuille,"Cream mille-feuille is a dessert dish, made mainly with beef, bell pepper, chocolate, white fish and mushrooms. Suitable for the following diets: gluten_free and halal. Contains allergens: milk. Spice level: 1/5.",dessert,5.06,EUR,beef;bell pepper;chocolate;white fish;mushrooms,milk,gluten_free;halal,1,542,True
223,12,Charcuterie board,"Charcuterie board is a starter dish, made mainly with cream and chicken. No declared allergens.",starter,11.52,EUR,cream;chicken,,,0,261,True
224,12,Homemade croquettes,"Homemade croquettes is a starter dish, made mainly with lemon and cream. No declared allergens. Spice level: 1/5.",starter,10.86,EUR,lemon;cream,,,1,203,True
225,12,Cream mille-feuille (signature),"Cream mille-feuille (signature) is a dessert dish, made mainly with sugar, beef, chocolate, seafood and egg. Contains allergens: soy.",dessert,5.36,EUR,sugar;beef;chocolate;seafood;egg,soy,,0,348,True
226,12,Craft beer,"Craft beer is a drink dish, made mainly with basic amenities. No declared allergens. Spice level: 2/5.",drink,2.34,EUR,,,,2,48,True
227,12,Craft beer (house style),"Craft beer (house style) is a drink dish, made mainly with basic amenities. No declared allergens. Spice level: 1/5.",drink,2.96,EUR,,,,1,57,True
228,13,Artisan ice cream,"Artisan ice cream is a dessert dish, made mainly with egg, garlic, potato, tomato, mushrooms and milk. No declared allergens.",dessert,8.7,EUR,egg;garlic;potato;tomato;mushrooms;milk,,,0,366,True
229,13,Grilled peppers,"Grilled peppers is a small plate dish, made mainly with beef, sugar, tomato, lemon, cream and egg. No declared allergens. Spice level: 5/5.",small plate,7.48,EUR,beef;sugar;tomato;lemon;cream;egg,,,5,212,True
230,13,Homemade custard,"Homemade custard is a dessert dish, made mainly with spinach, flour and egg. Contains allergens: lupin and gluten.",dessert,11.14,EUR,spinach;flour;egg,lupin;gluten,,0,378,True
231,13,Warm mixed salad,"Warm mixed salad is a starter dish, made mainly with egg, sugar, potato, rice, chicken and lemon. No declared allergens. Spice level: 2/5.",starter,9.01,EUR,egg;sugar;potato;rice;chicken;lemon,,,2,271,True
232,13,Creamy seafood rice,"Creamy seafood rice is a main dish, made mainly with egg, cheese, chocolate, cream and bell pepper. Suitable for the following diets: gluten_free. No declared allergens.",main,30.16,EUR,egg;cheese;chocolate;cream;bell pepper,,gluten_free,0,596,True
233,13,Creamy seafood rice (house style),"Creamy seafood rice (house style) is a main dish, made mainly with parsley, garlic, white fish and milk. No declared allergens.",main,23.78,EUR,parsley;garlic;white fish;milk,,,0,733,True
234,13,Spicy fried potatoes,"Spicy fried potatoes is a small plate dish, made mainly with flour and tomato. Contains allergens: peanuts, gluten and mustard. Spice level: 2/5.",small plate,7.72,EUR,flour;tomato,peanuts;gluten;mustard,,2,180,False
235,13,Charcuterie board,"Charcuterie board is a starter dish, made mainly with olive oil, paprika, bell pepper and lemon. Contains allergens: tree nuts. Spice level: 3/5.",starter,9.29,EUR,olive oil;paprika;bell pepper;lemon,tree nuts,,3,251,True
236,13,Soup of the day,"Soup of the day is a starter dish, made mainly with olive oil, pork, sugar, almond, seafood and potato. Contains allergens: egg. Spice level: 1/5.",starter,13.83,EUR,olive oil;pork;sugar;almond;seafood;potato,egg,,1,253,False
237,13,Cured ham,"Cured ham is a small plate dish, made mainly with milk, olive oil, paprika, mushrooms and garlic. Contains allergens: fish and shellfish.",small plate,9.7,EUR,milk;olive oil;paprika;mushrooms;garlic,fish;shellfish,,0,173,True
238,13,Warm mixed salad (chef's special),"Warm mixed salad (chef's special) is a starter dish, made mainly with olive oil, flour, garlic, paprika, parsley and white fish. No declared allergens. Spice level: 1/5.",starter,15.46,EUR,olive oil;flour;garlic;paprika;parsley;white fish,,,1,167,True
239,13,Oven-baked sea bass,"Oven-baked sea bass is a main dish, made mainly with almond, rice, pork, parsley and egg. Contains allergens: egg, tree nuts and gluten.",main,22.86,EUR,almond;rice;pork;parsley;egg,egg;tree nuts;gluten,,0,527,True
240,13,House wine (glass),"House wine (glass) is a drink dish, made mainly with basic amenities. No declared allergens.",drink,5.12,EUR,,,,0,144,True
241,13,Seasonal fruit,"Seasonal fruit is a dessert dish, made mainly with mushrooms and tomato. Contains allergens: milk and shellfish.",dessert,6.24,EUR,mushrooms;tomato,milk;shellfish,,0,342,True
242,13,Artisan ice cream (signature),"Artisan ice cream (signature) is a dessert dish, made mainly with paprika, chocolate, onion and rice. Contains allergens: shellfish.",dessert,7.76,EUR,paprika;chocolate;onion;rice,shellfish,,0,367,True
243,13,Grilled sirloin steak,"Grilled sirloin steak is a main dish, made mainly with pork and tomato. No declared allergens. Spice level: 3/5.",main,28.7,EUR,pork;tomato,,,3,684,True
244,13,Soup of the day (house style),"Soup of the day (house style) is a starter dish, made mainly with bell pepper and lemon. Contains allergens: milk and sesame. Spice level: 2/5.",starter,9.04,EUR,bell pepper;lemon,milk;sesame,,2,319,True
245,13,Chicken curry,"Chicken curry is a main dish, made mainly with cheese, beef, rice, almond and cream. No declared allergens.",main,23.4,EUR,cheese;beef;rice;almond;cream,,,0,660,True
246,13,Fresh pasta with wild mushrooms,"Fresh pasta with wild mushrooms is a main dish, made mainly with cream, garlic and potato. Suitable for the following diets: kosher and lactose_free. Contains allergens: sulphites.",main,26.23,EUR,cream;garlic;potato,sulphites,kosher;lactose_free,0,676,True
247,13,Grilled peppers (chef's special),"Grilled peppers (chef's special) is a small plate dish, made mainly with mushrooms and cream. No declared allergens.",small plate,9.38,EUR,mushrooms;cream,,,0,107,True
248,14,Mineral water,"Mineral water is a drink dish, made mainly with basic amenities. Suitable for the following diets: vegan and halal. Contains allergens: tree nuts and sulphites. Spice level: 2/5.",drink,1.67,EUR,,tree nuts;sulphites,vegan;halal,2,124,True
249,14,Chocolate lava cake,"Chocolate lava cake is a dessert dish, made mainly with beef, potato, seafood and milk. No declared allergens.",dessert,4.64,EUR,beef;potato;seafood;milk,,,0,367,True
250,14,Hummus with crudités,"Hummus with crudités is a starter dish, made mainly with tomato, milk, garlic, chicken and lemon. Contains allergens: fish.",starter,5.53,EUR,tomato;milk;garlic;chicken;lemon,fish,,0,264,True
251,14,Hummus with crudités (house style),"Hummus with crudités (house style) is a starter dish, made mainly with seafood, onion, bell pepper and olive oil. No declared allergens. Spice level: 1/5.",starter,5.35,EUR,seafood;onion;bell pepper;olive oil,,,1,283,True
252,14,Grilled sirloin steak,"Grilled sirloin steak is a main dish, made mainly with mushrooms, garlic, tomato, parsley, cream and spinach. Suitable for the following diets: lactose_free and kosher. No declared allergens. Spice level: 3/5.",main,5.85,EUR,mushrooms;garlic;tomato;parsley;cream;spinach,,lactose_free;kosher,3,661,True
253,14,Spanish-style omelette,"Spanish-style omelette is a small plate dish, made mainly with cream, bell pepper, milk, mushrooms and seafood. Suitable for the following diets: gluten_free. Contains allergens: sesame and sulphites. Spice level: 3/5.",small plate,3.93,EUR,cream;bell pepper;milk;mushrooms;seafood,sesame;sulphites,gluten_free,3,193,True
254,14,Soup of the day,"Soup of the day is a starter dish, made mainly with chocolate, mushrooms, chicken, cheese and bell pepper. No declared allergens. Spice level: 4/5.",starter,5.23,EUR,chocolate;mushrooms;chicken;cheese;bell pepper,,,4,204,True
255,14,House burger,"House burger is a main dish, made mainly with seafood, white fish, paprika, cheese and bell pepper. No declared allergens. Spice level: 1/5.",main,9.99,EUR,seafood;white fish;paprika;cheese;bell pepper,,,1,523,True
256,14,House wine (glass),"House wine (glass) is a drink dish, made mainly with basic amenities. No declared allergens. Spice level: 1/5.",drink,2.61,EUR,,,,1,69,True
257,14,Warm mixed salad,"Warm mixed salad is a starter dish, made mainly with egg, onion, rice, chocolate, white fish and mushrooms. No declared allergens. Spice level: 3/5.",starter,3.41,EUR,egg;onion;rice;chocolate;white fish;mushrooms,,,3,235,True
258,14,Spicy fried potatoes,"Spicy fried potatoes is a small plate dish, made mainly with beef, sugar and paprika. Contains allergens: sesame. Spice level: 2/5.",small plate,2.73,EUR,beef;sugar;paprika,sesame,,2,154,True
259,14,Garden risotto,"Garden risotto is a main dish, made mainly with white fish, lemon, almond, flour and sugar. No declared allergens. Spice level: 2/5.",main,9.09,EUR,white fish;lemon;almond;flour;sugar,,,2,855,True
260,14,Warm mixed salad (traditional),"Warm mixed salad (traditional) is a starter dish, made mainly with rice, sugar, bell pepper and pork. No declared allergens. Spice level: 3/5.",starter,5.78,EUR,rice;sugar;bell pepper;pork,,,3,215,True
261,14,Fresh juice,"Fresh juice is a drink dish, made mainly with basic amenities. Contains allergens: fish.",drink,1.8,EUR,,fish,,0,139,True
262,14,Charcuterie board,"Charcuterie board is a starter dish, made mainly with chocolate, chicken, olive oil and paprika. No declared allergens.",starter,3.39,EUR,chocolate;chicken;olive oil;paprika,,,0,194,True
263,14,Cured ham,"Cured ham is a small plate dish, made mainly with spinach and chocolate. No declared allergens.",small plate,2.64,EUR,spinach;chocolate,,,0,221,True
264,14,Grilled sirloin steak (chef's special),"Grilled sirloin steak (chef's special) is a main dish, made mainly with garlic, seafood, potato and bell pepper. No declared allergens. Spice level: 3/5.",main,11.44,EUR,garlic;seafood;potato;bell pepper,,,3,597,True
265,14,Spanish-style omelette (house style),"Spanish-style omelette (house style) is a small plate dish, made mainly with seafood and lemon. No declared allergens. Spice level: 1/5.",small plate,3.68,EUR,seafood;lemon,,,1,189,True
266,14,Grilled peppers,"Grilled peppers is a small plate dish, made mainly with flour, tomato, cream and white fish. No declared allergens. Spice level: 1/5.",small plate,3.31,EUR,flour;tomato;cream;white fish,,,1,174,True
267,14,Grilled peppers (traditional),"Grilled peppers (traditional) is a small plate dish, made mainly with paprika, garlic, white fish, mushrooms and onion. No declared allergens.",small plate,3.0,EUR,paprika;garlic;white fish;mushrooms;onion,,,0,116,True
268,14,Cured ham (chef's special),"Cured ham (chef's special) is a small plate dish, made mainly with white fish, seafood, flour, egg and chocolate. Contains allergens: sulphites and peanuts.",small plate,4.16,EUR,white fish;seafood;flour;egg;chocolate,sulphites;peanuts,,0,217,True
269,14,Spanish-style omelette (traditional),"Spanish-style omelette (traditional) is a small plate dish, made mainly with bell pepper and almond. No declared allergens.",small plate,4.1,EUR,bell pepper;almond,,,0,119,True
270,14,Mineral water (traditional),"Mineral water (traditional) is a drink dish, made mainly with basic amenities. Contains allergens: sesame, soy and lupin.",drink,2.57,EUR,,sesame;soy;lupin,,0,54,True
271,14,Spicy fried potatoes (house style),"Spicy fried potatoes (house style) is a small plate dish, made mainly with egg and paprika. No declared allergens.",small plate,4.65,EUR,egg;paprika,,,0,267,True
272,14,Homemade croquettes,"Homemade croquettes is a starter dish, made mainly with cream, pork and sugar. No declared allergens.",starter,4.54,EUR,cream;pork;sugar,,,0,194,True
273,15,Homemade croquettes,"Homemade croquettes is a starter dish, made mainly with spinach, rice, chocolate, olive oil, garlic and sugar. Suitable for the following diets: halal and gluten_free. Contains allergens: molluscs and shellfish. Spice level: 1/5.",starter,8.05,EUR,spinach;rice;chocolate;olive oil;garlic;sugar,molluscs;shellfish,halal;gluten_free,1,209,True
274,15,Specialty coffee,"Specialty coffee is a drink dish, made mainly with basic amenities. No declared allergens. Spice level: 4/5.",drink,2.97,EUR,,,,4,109,True
275,15,Beef carpaccio,"Beef carpaccio is a starter dish, made mainly with lemon and almond. Suitable for the following diets: lactose_free and vegan. No declared allergens. Spice level: 4/5.",starter,11.35,EUR,lemon;almond,,lactose_free;vegan,4,230,True
276,15,Spanish-style omelette,"Spanish-style omelette is a small plate dish, made mainly with paprika, garlic, spinach, beef, white fish and milk. Contains allergens: soy, tree nuts and peanuts.",small plate,4.22,EUR,paprika;garlic;spinach;beef;white fish;milk,soy;tree nuts;peanuts,,0,232,True
277,15,Beef carpaccio (chef's special),"Beef carpaccio (chef's special) is a starter dish, made mainly with milk, white fish, cheese, bell pepper and sugar. No declared allergens.",starter,7.99,EUR,milk;white fish;cheese;bell pepper;sugar,,,0,278,False
278,15,Artisan ice cream,"Artisan ice cream is a dessert dish, made mainly with tomato, egg, paprika and potato. Suitable for the following diets: lactose_free. Contains allergens: shellfish.",dessert,7.01,EUR,tomato;egg;paprika;potato,shellfish,lactose_free,0,365,True
279,15,Chicken curry,"Chicken curry is a main dish, made mainly with rice, cream and lemon. No declared allergens. Spice level: 4/5.",main,15.54,EUR,rice;cream;lemon,,,4,827,True
280,15,Spicy fried potatoes,"Spicy fried potatoes is a small plate dish, made mainly with chocolate, cream, lemon and pork. Contains allergens: molluscs, shellfish and milk. Spice level: 4/5.",small plate,7.22,EUR,chocolate;cream;lemon;pork,molluscs;shellfish;milk,,4,169,True
281,15,Seasonal fruit,"Seasonal fruit is a dessert dish, made mainly with lemon and bell pepper. Contains allergens: sulphites and soy. Spice level: 2/5.",dessert,5.0,EUR,lemon;bell pepper,sulphites;soy,,2,217,True
282,15,House burger,"House burger is a main dish, made mainly with rice, white fish and chocolate. Contains allergens: sesame and tree nuts. Spice level: 1/5.",main,20.82,EUR,rice;white fish;chocolate,sesame;tree nuts,,1,551,True
283,15,Beef carpaccio (signature),"Beef carpaccio (signature) is a starter dish, made mainly with chocolate, spinach and lemon. Contains allergens: tree nuts. Spice level: 3/5.",starter,7.16,EUR,chocolate;spinach;lemon,tree nuts,,3,210,True
284,15,Beef carpaccio (signature),"Beef carpaccio (signature) is a starter dish, made mainly with garlic, milk, cheese and almond. Contains allergens: sulphites and fish. Spice level: 2/5.",starter,11.8,EUR,garlic;milk;cheese;almond,sulphites;fish,,2,215,True
285,15,Garden risotto,"Garden risotto is a main dish, made mainly with bell pepper, beef, white fish, cream, chocolate and lemon. Suitable for the following diets: vegetarian and halal. No declared allergens. Spice level: 1/5.",main,15.35,EUR,bell pepper;beef;white fish;cream;chocolate;lemon,,vegetarian;halal,1,638,True
286,15,Chicken curry (house style),"Chicken curry (house style) is a main dish, made mainly with egg, chocolate, tomato, pork and beef. Contains allergens: gluten and lupin. Spice level: 2/5.",main,16.02,EUR,egg;chocolate;tomato;pork;beef,gluten;lupin,,2,773,True
287,15,Hummus with crudités,"Hummus with crudités is a starter dish, made mainly with mushrooms, potato, lemon, milk and almond. Suitable for the following diets: lactose_free and gluten_free. Contains allergens: tree nuts and peanuts.",starter,9.06,EUR,mushrooms;potato;lemon;milk;almond,tree nuts;peanuts,lactose_free;gluten_free,0,336,True
288,15,Garlic shrimp,"Garlic shrimp is a small plate dish, made mainly with seafood, bell pepper, white fish, sugar and cheese. Suitable for the following diets: vegan and gluten_free. Contains allergens: sesame, soy and milk.",small plate,6.81,EUR,seafood;bell pepper;white fish;sugar;cheese,sesame;soy;milk,vegan;gluten_free,0,201,True
289,15,Specialty coffee (house style),"Specialty coffee (house style) is a drink dish, made mainly with basic amenities. No declared allergens.",drink,2.77,EUR,,,,0,147,True
290,15,Grilled peppers,"Grilled peppers is a small plate dish, made mainly with egg and white fish. No declared allergens.",small plate,4.73,EUR,egg;white fish,,,0,129,True
291,15,Warm mixed salad,"Warm mixed salad is a starter dish, made mainly with milk, potato and olive oil. No declared allergens.",starter,7.56,EUR,milk;potato;olive oil,,,0,321,True
292,15,Cream mille-feuille,"Cream mille-feuille is a dessert dish, made mainly with cream, onion and chicken. No declared allergens. Spice level: 4/5.",dessert,6.79,EUR,cream;onion;chicken,,,4,425,True
293,15,Artisan ice cream (signature),"Artisan ice cream (signature) is a dessert dish, made mainly with cream, tomato, paprika and chocolate. No declared allergens.",dessert,7.0,EUR,cream;tomato;paprika;chocolate,,,0,324,True
294,15,Hummus with crudités (signature),"Hummus with crudités (signature) is a starter dish, made mainly with flour, potato, cheese and rice. No declared allergens. Spice level: 1/5.",starter,7.27,EUR,flour;potato;cheese;rice,,,1,237,True
295,15,Homemade croquettes (signature),"Homemade croquettes (signature) is a starter dish, made mainly with white fish, rice, beef and cheese. Contains allergens: tree nuts and gluten. Spice level: 4/5.",starter,10.5,EUR,white fish;rice;beef;cheese,tree nuts;gluten,,4,210,True
296,15,Soup of the day,"Soup of the day is a starter dish, made mainly with sugar and rice. Contains allergens: lupin and sulphites. Spice level: 3/5.",starter,4.98,EUR,sugar;rice,lupin;sulphites,,3,270,True
297,15,Seasonal fruit (traditional),"Seasonal fruit (traditional) is a dessert dish, made mainly with flour, tomato and pork. Contains allergens: lupin.",dessert,4.71,EUR,flour;tomato;pork,lupin,,0,349,True
298,15,Oven-baked sea bass,"Oven-baked sea bass is a main dish, made mainly with cream, mushrooms, lemon, pork and paprika. Suitable for the following diets: vegan and kosher. No declared allergens. Spice level: 2/5.",main,10.3,EUR,cream;mushrooms;lemon;pork;paprika,,vegan;kosher,2,469,False
299,15,Grilled peppers (chef's special),"Grilled peppers (chef's special) is a small plate dish, made mainly with sugar, spinach, potato, olive oil and onion. Contains allergens: milk.",small plate,3.66,EUR,sugar;spinach;potato;olive oil;onion,milk,,0,186,True
300,16,Warm mixed salad,"Warm mixed salad is a starter dish, made mainly with olive oil, parsley and sugar. No declared allergens. Spice level: 3/5.",starter,7.5,EUR,olive oil;parsley;sugar,,,3,287,False
301,16,Warm mixed salad (house style),"Warm mixed salad (house style) is a starter dish, made mainly with beef, almond, tomato, spinach, cream and garlic. No declared allergens.",starter,3.99,EUR,beef;almond;tomato;spinach;cream;garlic,,,0,279,True
302,16,Soup of the day,"Soup of the day is a starter dish, made mainly with spinach and onion. No declared allergens. Spice level: 3/5.",starter,9.0,EUR,spinach;onion,,,3,205,True
303,16,Cola,"Cola is a drink dish, made mainly with basic amenities. Contains allergens: shellfish. Spice level: 2/5.",drink,3.06,EUR,,shellfish,,2,98,False
304,16,Charcuterie board,"Charcuterie board is a starter dish, made mainly with chicken, chocolate, sugar, onion and pork. Contains allergens: tree nuts and lupin.",starter,9.09,EUR,chicken;chocolate;sugar;onion;pork,tree nuts;lupin,,0,204,True
305,16,Craft beer,"Craft beer is a drink dish, made mainly with basic amenities. Contains allergens: mustard.",drink,3.79,EUR,,mustard,,0,181,True
306,16,Garden risotto,"Garden risotto is a main dish, made mainly with garlic, lemon, beef, bell pepper and white fish. No declared allergens.",main,13.62,EUR,garlic;lemon;beef;bell pepper;white fish,,,0,536,True
307,16,Cheesecake,"Cheesecake is a dessert dish, made mainly with lemon, white fish and mushrooms. No declared allergens. Spice level: 2/5.",dessert,4.14,EUR,lemon;white fish;mushrooms,,,2,538,True
308,16,Marinated anchovies,"Marinated anchovies is a small plate dish, made mainly with olive oil, flour, mushrooms, onion and spinach. Suitable for the following diets: gluten_free and lactose_free. Contains allergens: sulphites.",small plate,5.45,EUR,olive oil;flour;mushrooms;onion;spinach,sulphites,gluten_free;lactose_free,0,155,True
309,16,Craft beer (chef's special),"Craft beer (chef's special) is a drink dish, made mainly with basic amenities. Contains allergens: sulphites and milk. Spice level: 5/5.",drink,1.54,EUR,,sulphites;milk,,5,95,True
310,16,Chocolate lava cake,"Chocolate lava cake is a dessert dish, made mainly with chocolate, tomato and flour. No declared allergens. Spice level: 3/5.",dessert,7.61,EUR,chocolate;tomato;flour,,,3,215,True
311,16,House burger,"House burger is a main dish, made mainly with rice and tomato. Suitable for the following diets: vegan and kosher. Contains allergens: egg and shellfish.",main,14.33,EUR,rice;tomato,egg;shellfish,vegan;kosher,0,731,False
312,16,Confit cod,"Confit cod is a main dish, made mainly with pork, white fish, cheese, seafood, rice and almond. Suitable for the following diets: vegan. Contains allergens: sesame, mustard and molluscs.",main,14.77,EUR,pork;white fish;cheese;seafood;rice;almond,sesame;mustard;molluscs,vegan,0,635,True
313,16,Garden risotto (chef's special),"Garden risotto (chef's special) is a main dish, made mainly with chocolate, spinach, lemon, seafood and paprika. No declared allergens. Spice level: 4/5.",main,15.09,EUR,chocolate;spinach;lemon;seafood;paprika,,,4,436,True
314,16,Beef carpaccio,"Beef carpaccio is a starter dish, made mainly with milk and cheese. Suitable for the following diets: vegan. No declared allergens.",starter,7.2,EUR,milk;cheese,,vegan,0,244,True
315,16,Fresh juice,"Fresh juice is a drink dish, made mainly with basic amenities. Contains allergens: mustard. Spice level: 2/5.",drink,3.17,EUR,,mustard,,2,165,False
316,16,Oven-baked sea bass,"Oven-baked sea bass is a main dish, made mainly with mushrooms, parsley, sugar, onion and beef. Contains allergens: fish, tree nuts and peanuts.",main,10.49,EUR,mushrooms;parsley;sugar;onion;beef,fish;tree nuts;peanuts,,0,694,True
317,16,Oven-baked sea bass (house style),"Oven-baked sea bass (house style) is a main dish, made mainly with almond, sugar, parsley, potato and cheese. Contains allergens: shellfish. Spice level: 1/5.",main,12.74,EUR,almond;sugar;parsley;potato;cheese,shellfish,,1,661,True
318,16,Garden risotto (house style),"Garden risotto (house style) is a main dish, made mainly with spinach, tomato, milk, cream, seafood and egg. Suitable for the following diets: vegan. Contains allergens: sesame and celery.",main,18.16,EUR,spinach;tomato;milk;cream;seafood;egg,sesame;celery,vegan,0,808,True
319,16,Creamy seafood rice,"Creamy seafood rice is a main dish, made mainly with cream, cheese, flour and chicken. No declared allergens.",main,20.25,EUR,cream;cheese;flour;chicken,,,0,784,True
320,16,Cream mille-feuille,"Cream mille-feuille is a dessert dish, made mainly with seafood, mushrooms, beef, cream, garlic and potato. No declared allergens.",dessert,6.73,EUR,seafood;mushrooms;beef;cream;garlic;potato,,,0,496,True
321,16,Hummus with crudités,"Hummus with crudités is a starter dish, made mainly with tomato, olive oil, flour, paprika, beef and spinach. Contains allergens: molluscs and fish.",starter,6.51,EUR,tomato;olive oil;flour;paprika;beef;spinach,molluscs;fish,,0,281,True
322,16,Garden risotto (house style),"Garden risotto (house style) is a main dish, made mainly with garlic, bell pepper, paprika, sugar, flour and chocolate. Suitable for the following diets: vegan and halal. No declared allergens.",main,11.76,EUR,garlic;bell pepper;paprika;sugar;flour;chocolate,,vegan;halal,0,765,True
323,16,Confit cod (house style),"Confit cod (house style) is a main dish, made mainly with onion, white fish, almond, cheese and tomato. Contains allergens: milk and tree nuts. Spice level: 2/5.",main,16.44,EUR,onion;white fish;almond;cheese;tomato,milk;tree nuts,,2,537,True
324,16,Charcuterie board (signature),"Charcuterie board (signature) is a starter dish, made mainly with chicken, lemon and flour. No declared allergens.",starter,10.21,EUR,chicken;lemon;flour,,,0,204,True
325,16,Homemade croquettes,"Homemade croquettes is a starter dish, made mainly with cheese, beef, milk and parsley. No declared allergens.",starter,8.08,EUR,cheese;beef;milk;parsley,,,0,236,True
326,16,Chicken curry,"Chicken curry is a main dish, made mainly with cheese, almond, chocolate, spinach and mushrooms. No declared allergens. Spice level: 1/5.",main,17.08,EUR,cheese;almond;chocolate;spinach;mushrooms,,,1,539,True
327,16,Creamy seafood rice (chef's special),"Creamy seafood rice (chef's special) is a main dish, made mainly with parsley, garlic, beef, almond, chocolate and paprika. No declared allergens.",main,18.66,EUR,parsley;garlic;beef;almond;chocolate;paprika,,,0,626,False
328,16,Fresh pasta with wild mushrooms,"Fresh pasta with wild mushrooms is a main dish, made mainly with rice, white fish, flour and paprika. Contains allergens: mustard and milk.",main,12.46,EUR,rice;white fish;flour;paprika,mustard;milk,,0,603,True
329,16,Specialty coffee,"Specialty coffee is a drink dish, made mainly with basic amenities. Contains allergens: shellfish and molluscs.",drink,2.66,EUR,,shellfish;molluscs,,0,191,True
330,16,House wine (glass),"House wine (glass) is a drink dish, made mainly with basic amenities. No declared allergens.",drink,2.65,EUR,,,,0,81,True
331,16,Fresh pasta with wild mushrooms (chef's special),"Fresh pasta with wild mushrooms (chef's special) is a main dish, made mainly with milk, mushrooms, white fish, bell pepper, beef and lemon. No declared allergens. Spice level: 2/5.",main,12.63,EUR,milk;mushrooms;white fish;bell pepper;beef;lemon,,,2,660,False
332,16,Homemade croquettes (traditional),"Homemade croquettes (traditional) is a starter dish, made mainly with spinach, beef, flour, almond, egg and rice. Suitable for the following diets: lactose_free. Contains allergens: sesame, tree nuts and mustard.",starter,9.98,EUR,spinach;beef;flour;almond;egg;rice,sesame;tree nuts;mustard,lactose_free,0,226,True
333,17,Spicy fried potatoes,"Spicy fried potatoes is a small plate dish, made mainly with beef and olive oil. Suitable for the following diets: kosher and lactose_free. Contains allergens: fish and molluscs.",small plate,6.18,EUR,beef;olive oil,fish;molluscs,kosher;lactose_free,0,250,True
334,17,Chicken curry,"Chicken curry is a main dish, made mainly with egg, chicken, lemon and spinach. No declared allergens.",main,12.55,EUR,egg;chicken;lemon;spinach,,,0,652,True
335,17,Cola,"Cola is a drink dish, made mainly with basic amenities. No declared allergens.",drink,3.17,EUR,,,,0,8,True
336,17,House wine (glass),"House wine (glass) is a drink dish, made mainly with basic amenities. No declared allergens. Spice level: 2/5.",drink,1.67,EUR,,,,2,121,True
337,17,Homemade croquettes,"Homemade croquettes is a starter dish, made mainly with olive oil, tomato, chicken and paprika. Contains allergens: tree nuts, shellfish and molluscs.",starter,10.18,EUR,olive oil;tomato;chicken;paprika,tree nuts;shellfish;molluscs,,0,223,True
338,17,Cured ham,"Cured ham is a small plate dish, made mainly with mushrooms and almond. Contains allergens: milk, molluscs and celery.",small plate,5.2,EUR,mushrooms;almond,milk;molluscs;celery,,0,151,True
339,17,Oven-baked sea bass,"Oven-baked sea bass is a main dish, made mainly with lemon and chocolate. Suitable for the following diets: vegetarian. No declared allergens.",main,14.86,EUR,lemon;chocolate,,vegetarian,0,590,True
340,17,Cured ham (signature),"Cured ham (signature) is a small plate dish, made mainly with tomato, paprika, spinach, chicken and parsley. No declared allergens. Spice level: 2/5.",small plate,5.64,EUR,tomato;paprika;spinach;chicken;parsley,,,2,165,True
341,17,Garden risotto,"Garden risotto is a main dish, made mainly with garlic, egg, beef, seafood and chicken. Suitable for the following diets: kosher and halal. Contains allergens: tree nuts and fish. Spice level: 1/5.",main,16.77,EUR,garlic;egg;beef;seafood;chicken,tree nuts;fish,kosher;halal,1,739,False
342,17,Fresh pasta with wild mushrooms,"Fresh pasta with wild mushrooms is a main dish, made mainly with chocolate and potato. Suitable for the following diets: gluten_free and lactose_free. No declared allergens.",main,9.61,EUR,chocolate;potato,,gluten_free;lactose_free,0,734,True
343,17,Soup of the day,"Soup of the day is a starter dish, made mainly with potato, flour, garlic and chicken. No declared allergens. Spice level: 1/5.",starter,9.66,EUR,potato;flour;garlic;chicken,,,1,271,True
344,17,House wine (glass) (signature),"House wine (glass) (signature) is a drink dish, made mainly with basic amenities. Contains allergens: fish, shellfish and gluten.",drink,1.41,EUR,,fish;shellfish;gluten,,0,105,True
345,17,Cola (signature),"Cola (signature) is a drink dish, made mainly with basic amenities. Contains allergens: celery, molluscs and soy.",drink,2.71,EUR,,celery;molluscs;soy,,0,148,True
346,17,Grilled peppers,"Grilled peppers is a small plate dish, made mainly with tomato, flour, sugar, onion, cheese and bell pepper. Contains allergens: fish, lupin and shellfish. Spice level: 2/5.",small plate,4.69,EUR,tomato;flour;sugar;onion;cheese;bell pepper,fish;lupin;shellfish,,2,164,True
347,17,Warm mixed salad,"Warm mixed salad is a starter dish, made mainly with potato, parsley and lemon. Suitable for the following diets: vegetarian. No declared allergens.",starter,7.28,EUR,potato;parsley;lemon,,vegetarian,0,163,True
348,17,House burger,"House burger is a main dish, made mainly with milk, parsley, flour, seafood, lemon and spinach. No declared allergens. Spice level: 2/5.",main,16.31,EUR,milk;parsley;flour;seafood;lemon;spinach,,,2,523,True
349,17,Grilled sirloin steak,"Grilled sirloin steak is a main dish, made mainly with garlic, lemon and seafood. Suitable for the following diets: lactose_free. No declared allergens.",main,14.55,EUR,garlic;lemon;seafood,,lactose_free,0,574,True
350,17,Soup of the day (house style),"Soup of the day (house style) is a starter dish, made mainly with spinach, almond, sugar, bell pepper and parsley. No declared allergens.",starter,9.24,EUR,spinach;almond;sugar;bell pepper;parsley,,,0,338,True
351,17,Garden risotto (traditional),"Garden risotto (traditional) is a main dish, made mainly with milk, bell pepper and egg. No declared allergens. Spice level: 3/5.",main,11.2,EUR,milk;bell pepper;egg,,,3,743,True
352,17,House burger (chef's special),"House burger (chef's special) is a main dish, made mainly with lemon and pork. Contains allergens: gluten, tree nuts and egg.",main,13.83,EUR,lemon;pork,gluten;tree nuts;egg,,0,716,False
353,17,Hummus with crudités,"Hummus with crudités is a starter dish, made mainly with beef, onion, tomato, flour, rice and paprika. Contains allergens: milk, soy and mustard. Spice level: 1/5.",starter,7.43,EUR,beef;onion;tomato;flour;rice;paprika,milk;soy;mustard,,1,246,True
354,17,Soup of the day (chef's special),"Soup of the day (chef's special) is a starter dish, made mainly with almond, flour, onion, paprika and mushrooms. No declared allergens.",starter,8.63,EUR,almond;flour;onion;paprika;mushrooms,,,0,227,True
355,17,Artisan ice cream,"Artisan ice cream is a dessert dish, made mainly with bell pepper, almond and rice. Suitable for the following diets: vegan. Contains allergens: peanuts, milk and shellfish. Spice level: 4/5.",dessert,5.75,EUR,bell pepper;almond;rice,peanuts;milk;shellfish,vegan,4,252,True
356,17,Artisan ice cream (house style),"Artisan ice cream (house style) is a dessert dish, made mainly with tomato, garlic and potato. Suitable for the following diets: vegan. No declared allergens.",dessert,4.26,EUR,tomato;garlic;potato,,vegan,0,425,True
357,17,Hummus with crudités (chef's special),"Hummus with crudités (chef's special) is a starter dish, made mainly with lemon, sugar, seafood and cream. Suitable for the following diets: halal and gluten_free. No declared allergens. Spice level: 1/5.",starter,10.24,EUR,lemon;sugar;seafood;cream,,halal;gluten_free,1,299,True
358,17,Hummus with crudités (signature),"Hummus with crudités (signature) is a starter dish, made mainly with almond, chicken, sugar, tomato, egg and cream. Contains allergens: tree nuts and sulphites.",starter,6.4,EUR,almond;chicken;sugar;tomato;egg;cream,tree nuts;sulphites,,0,245,True
359,17,House wine (glass) (house style),"House wine (glass) (house style) is a drink dish, made mainly with basic amenities. Contains allergens: tree nuts. Spice level: 3/5.",drink,1.55,EUR,,tree nuts,,3,74,True
360,17,House burger (signature),"House burger (signature) is a main dish, made mainly with lemon, cream and paprika. Contains allergens: gluten and milk.",main,14.4,EUR,lemon;cream;paprika,gluten;milk,,0,695,True
361,17,Grilled peppers (traditional),"Grilled peppers (traditional) is a small plate dish, made mainly with cheese, spinach, rice, egg and chicken. Suitable for the following diets: halal. Contains allergens: soy.",small plate,5.54,EUR,cheese;spinach;rice;egg;chicken,soy,halal,0,225,True
362,17,Hummus with crudités (house style),"Hummus with crudités (house style) is a starter dish, made mainly with chocolate and parsley. No declared allergens.",starter,5.74,EUR,chocolate;parsley,,,0,235,True
363,17,Specialty coffee,"Specialty coffee is a drink dish, made mainly with basic amenities. Suitable for the following diets: gluten_free. No declared allergens.",drink,2.41,EUR,,,gluten_free,0,15,False
364,17,Warm mixed salad (signature),"Warm mixed salad (signature) is a starter dish, made mainly with cheese, cream and olive oil. Suitable for the following diets: gluten_free and vegetarian. Contains allergens: mustard and celery.",starter,12.52,EUR,cheese;cream;olive oil,mustard;celery,gluten_free;vegetarian,0,250,True
365,18,Cheesecake,"Cheesecake is a dessert dish, made mainly with lemon, chicken, chocolate, pork and onion. Contains allergens: sesame and fish. Spice level: 2/5.",dessert,8.15,EUR,lemon;chicken;chocolate;pork;onion,sesame;fish,,2,309,True
366,18,Fresh juice,"Fresh juice is a drink dish, made mainly with basic amenities. Contains allergens: molluscs.",drink,3.74,EUR,,molluscs,,0,91,True
367,18,Warm mixed salad,"Warm mixed salad is a starter dish, made mainly with spinach and olive oil. Suitable for the following diets: kosher. Contains allergens: fish, lupin and sulphites.",starter,9.32,EUR,spinach;olive oil,fish;lupin;sulphites,kosher,0,254,True
368,18,Spanish-style omelette,"Spanish-style omelette is a small plate dish, made mainly with sugar, spinach, pork, rice, cream and onion. Suitable for the following diets: lactose_free. Contains allergens: shellfish, soy and egg.",small plate,6.14,EUR,sugar;spinach;pork;rice;cream;onion,shellfish;soy;egg,lactose_free,0,127,True
369,18,House wine (glass),"House wine (glass) is a drink dish, made mainly with basic amenities. Contains allergens: sulphites and lupin.",drink,3.02,EUR,,sulphites;lupin,,0,171,True
370,18,Homemade croquettes,"Homemade croquettes is a starter dish, made mainly with egg, garlic, cream and white fish. Contains allergens: shellfish.",starter,6.69,EUR,egg;garlic;cream;white fish,shellfish,,0,244,True
371,18,Warm mixed salad (traditional),"Warm mixed salad (traditional) is a starter dish, made mainly with lemon, seafood, white fish and tomato. Suitable for the following diets: kosher and halal. Contains allergens: shellfish.",starter,9.32,EUR,lemon;seafood;white fish;tomato,shellfish,kosher;halal,0,203,True
372,18,Marinated anchovies,"Marinated anchovies is a small plate dish, made mainly with almond, sugar, onion, milk and spinach. Suitable for the following diets: kosher and vegan. Contains allergens: gluten, peanuts and soy.",small plate,5.78,EUR,almond;sugar;onion;milk;spinach,gluten;peanuts;soy,kosher;vegan,0,283,True
373,18,Chocolate lava cake,"Chocolate lava cake is a dessert dish, made mainly with spinach, chicken, milk and beef. No declared allergens. Spice level: 1/5.",dessert,3.61,EUR,spinach;chicken;milk;beef,,,1,298,True
374,18,Fresh pasta with wild mushrooms,"Fresh pasta with wild mushrooms is a main dish, made mainly with chicken, cheese, tomato, egg and onion. No declared allergens.",main,13.56,EUR,chicken;cheese;tomato;egg;onion,,,0,712,True
375,18,Chicken curry,"Chicken curry is a main dish, made mainly with paprika, onion, cream, spinach, rice and mushrooms. No declared allergens. Spice level: 2/5.",main,11.53,EUR,paprika;onion;cream;spinach;rice;mushrooms,,,2,761,True
376,18,Hummus with crudités,"Hummus with crudités is a starter dish, made mainly with tomato, paprika and egg. Contains allergens: tree nuts. Spice level: 3/5.",starter,7.11,EUR,tomato;paprika;egg,tree nuts,,3,246,True
377,18,Oven-baked sea bass,"Oven-baked sea bass is a main dish, made mainly with rice, sugar, potato, seafood and olive oil. Suitable for the following diets: kosher and halal. No declared allergens. Spice level: 1/5.",main,13.19,EUR,rice;sugar;potato;seafood;olive oil,,kosher;halal,1,715,True
378,18,Marinated anchovies (traditional),"Marinated anchovies (traditional) is a small plate dish, made mainly with olive oil, almond and milk. Contains allergens: celery, egg and tree nuts.",small plate,5.27,EUR,olive oil;almond;milk,celery;egg;tree nuts,,0,276,True
379,18,Fresh pasta with wild mushrooms (signature),"Fresh pasta with wild mushrooms (signature) is a main dish, made mainly with sugar, tomato, lemon and almond. Suitable for the following diets: vegetarian. No declared allergens.",main,17.64,EUR,sugar;tomato;lemon;almond,,vegetarian,0,620,False
380,18,House wine (glass) (traditional),"House wine (glass) (traditional) is a drink dish, made mainly with basic amenities. No declared allergens.",drink,2.51,EUR,,,,0,143,True
381,18,Charcuterie board,"Charcuterie board is a starter dish, made mainly with almond, spinach, sugar, chocolate and garlic. No declared allergens. Spice level: 2/5.",starter,4.76,EUR,almond;spinach;sugar;chocolate;garlic,,,2,330,True
382,18,Confit cod,"Confit cod is a main dish, made mainly with rice, onion, milk and tomato. No declared allergens. Spice level: 3/5.",main,12.89,EUR,rice;onion;milk;tomato,,,3,573,True
383,18,Cured ham,"Cured ham is a small plate dish, made mainly with bell pepper and olive oil. No declared allergens.",small plate,4.17,EUR,bell pepper;olive oil,,,0,140,True
384,18,Warm mixed salad (house style),"Warm mixed salad (house style) is a starter dish, made mainly with mushrooms, egg, pork and onion. Suitable for the following diets: kosher. No declared allergens. Spice level: 4/5.",starter,7.16,EUR,mushrooms;egg;pork;onion,,kosher,4,275,True
385,18,Beef carpaccio,"Beef carpaccio is a starter dish, made mainly with garlic, flour, seafood, cream and pork. No declared allergens.",starter,9.17,EUR,garlic;flour;seafood;cream;pork,,,0,243,True
386,19,Charcuterie board,"Charcuterie board is a starter dish, made mainly with olive oil, beef, almond and white fish. No declared allergens. Spice level: 1/5.",starter,2.66,EUR,olive oil;beef;almond;white fish,,,1,191,True
387,19,Beef carpaccio,"Beef carpaccio is a starter dish, made mainly with garlic, chocolate, mushrooms, spinach, sugar and pork. No declared allergens.",starter,6.03,EUR,garlic;chocolate;mushrooms;spinach;sugar;pork,,,0,197,True
388,19,Grilled peppers,"Grilled peppers is a small plate dish, made mainly with beef, sugar, onion and bell pepper. Suitable for the following diets: vegan. No declared allergens.",small plate,3.73,EUR,beef;sugar;onion;bell pepper,,vegan,0,175,True
389,19,Chicken curry,"Chicken curry is a main dish, made mainly with garlic, white fish and potato. No declared allergens.",main,11.57,EUR,garlic;white fish;potato,,,0,899,True
390,19,Cola,"Cola is a drink dish, made mainly with basic amenities. Suitable for the following diets: vegan. No declared allergens. Spice level: 1/5.",drink,1.92,EUR,,,vegan,1,8,True
391,19,Cream mille-feuille,"Cream mille-feuille is a dessert dish, made mainly with chicken, onion, egg, rice, lemon and cheese. Contains allergens: soy and fish. Spice level: 1/5.",dessert,4.11,EUR,chicken;onion;egg;rice;lemon;cheese,soy;fish,,1,319,True
392,19,Fresh pasta with wild mushrooms,"Fresh pasta with wild mushrooms is a main dish, made mainly with beef, parsley, lemon, cream and tomato. No declared allergens.",main,5.87,EUR,beef;parsley;lemon;cream;tomato,,,0,475,True
393,19,Homemade croquettes,"Homemade croquettes is a starter dish, made mainly with bell pepper, chocolate and onion. Contains allergens: sulphites. Spice level: 1/5.",starter,5.78,EUR,bell pepper;chocolate;onion,sulphites,,1,189,True
394,19,Creamy seafood rice,"Creamy seafood rice is a main dish, made mainly with chocolate and tomato. Suitable for the following diets: kosher and vegan. Contains allergens: shellfish and tree nuts. Spice level: 2/5.",main,6.41,EUR,chocolate;tomato,shellfish;tree nuts,kosher;vegan,2,568,True
395,19,Chicken curry (chef's special),"Chicken curry (chef's special) is a main dish, made mainly with rice, cheese and seafood. Contains allergens: tree nuts.",main,6.95,EUR,rice;cheese;seafood,tree nuts,,0,439,True
396,19,Soup of the day,"Soup of the day is a starter dish, made mainly with sugar and milk. Suitable for the following diets: vegetarian. Contains allergens: milk.",starter,6.42,EUR,sugar;milk,milk,vegetarian,0,323,True
397,19,Fresh juice,"Fresh juice is a drink dish, made mainly with basic amenities. Contains allergens: peanuts and sesame. Spice level: 1/5.",drink,2.16,EUR,,peanuts;sesame,,1,44,True
398,19,House burger,"House burger is a main dish, made mainly with bell pepper, tomato, almond, chicken and parsley. Contains allergens: celery. Spice level: 3/5.",main,8.72,EUR,bell pepper;tomato;almond;chicken;parsley,celery,,3,792,True
399,19,Craft beer,"Craft beer is a drink dish, made mainly with basic amenities. No declared allergens.",drink,1.99,EUR,,,,0,135,True
400,19,Warm mixed salad,"Warm mixed salad is a starter dish, made mainly with almond, paprika and mushrooms. No declared allergens. Spice level: 3/5.",starter,5.07,EUR,almond;paprika;mushrooms,,,3,291,False
401,19,Seasonal fruit,"Seasonal fruit is a dessert dish, made mainly with almond, chocolate, mushrooms and egg. No declared allergens.",dessert,6.52,EUR,almond;chocolate;mushrooms;egg,,,0,380,True
402,19,Fresh juice (traditional),"Fresh juice (traditional) is a drink dish, made mainly with basic amenities. Contains allergens: sesame, mustard and molluscs.",drink,1.84,EUR,,sesame;mustard;molluscs,,0,69,True
403,19,Homemade croquettes (traditional),"Homemade croquettes (traditional) is a starter dish, made mainly with almond, chicken, mushrooms, white fish and cream. No declared allergens.",starter,6.3,EUR,almond;chicken;mushrooms;white fish;cream,,,0,263,True
404,19,Grilled sirloin steak,"Grilled sirloin steak is a main dish, made mainly with olive oil and paprika. No declared allergens. Spice level: 1/5.",main,9.58,EUR,olive oil;paprika,,,1,774,True
405,19,Confit cod,"Confit cod is a main dish, made mainly with egg, olive oil, beef, parsley, spinach and milk. No declared allergens. Spice level: 1/5.",main,10.26,EUR,egg;olive oil;beef;parsley;spinach;milk,,,1,705,True
406,19,Fresh pasta with wild mushrooms (chef's special),"Fresh pasta with wild mushrooms (chef's special) is a main dish, made mainly with cream and rice. No declared allergens.",main,8.07,EUR,cream;rice,,,0,505,True
407,19,Chicken curry (traditional),"Chicken curry (traditional) is a main dish, made mainly with chocolate, potato, tomato, olive oil, parsley and spinach. Contains allergens: shellfish and fish.",main,12.07,EUR,chocolate;potato;tomato;olive oil;parsley;spinach,shellfish;fish,,0,567,True
408,19,Homemade croquettes (house style),"Homemade croquettes (house style) is a starter dish, made mainly with chicken, lemon, bell pepper, onion and olive oil. No declared allergens.",starter,6.12,EUR,chicken;lemon;bell pepper;onion;olive oil,,,0,291,True
409,19,Specialty coffee,"Specialty coffee is a drink dish, made mainly with basic amenities. Suitable for the following diets: vegan. No declared allergens.",drink,1.17,EUR,,,vegan,0,145,True
410,19,Soup of the day (house style),"Soup of the day (house style) is a starter dish, made mainly with egg and chicken. Suitable for the following diets: halal and kosher. No declared allergens. Spice level: 3/5.",starter,5.21,EUR,egg;chicken,,halal;kosher,3,278,True
411,19,Garlic shrimp,"Garlic shrimp is a small plate dish, made mainly with milk, potato, lemon and mushrooms. Suitable for the following diets: lactose_free. No declared allergens.",small plate,4.44,EUR,milk;potato;lemon;mushrooms,,lactose_free,0,134,True
412,19,Confit cod (traditional),"Confit cod (traditional) is a main dish, made mainly with rice and cheese. Contains allergens: egg, mustard and lupin.",main,5.41,EUR,rice;cheese,egg;mustard;lupin,,0,473,True
413,20,Garlic shrimp,"Garlic shrimp is a small plate dish, made mainly with cheese, parsley, spinach, chocolate and sugar. No declared allergens.",small plate,2.02,EUR,cheese;parsley;spinach;chocolate;sugar,,,0,203,True
414,20,Creamy seafood rice,"Creamy seafood rice is a main dish, made mainly with mushrooms, garlic and white fish. Suitable for the following diets: halal. No declared allergens.",main,10.03,EUR,mushrooms;garlic;white fish,,halal,0,707,True
415,20,Fresh pasta with wild mushrooms,"Fresh pasta with wild mushrooms is a main dish, made mainly with flour and bell pepper. Suitable for the following diets: kosher and halal. No declared allergens.",main,10.9,EUR,flour;bell pepper,,kosher;halal,0,659,True
416,20,Grilled peppers,"Grilled peppers is a small plate dish, made mainly with onion and almond. No declared allergens. Spice level: 1/5.",small plate,2.11,EUR,onion;almond,,,1,252,True
417,20,Hummus with crudités,"Hummus with crudités is a starter dish, made mainly with garlic, almond, chocolate, rice, cream and olive oil. Contains allergens: gluten and molluscs. Spice level: 4/5.",starter,3.18,EUR,garlic;almond;chocolate;rice;cream;olive oil,gluten;molluscs,,4,278,True
418,20,Creamy seafood rice (signature),"Creamy seafood rice (signature) is a main dish, made mainly with almond, pork, beef and potato. Contains allergens: mustard.",main,9.18,EUR,almond;pork;beef;potato,mustard,,0,615,True
419,20,Beef carpaccio,"Beef carpaccio is a starter dish, made mainly with lemon, onion, white fish, cheese, cream and sugar. Suitable for the following diets: gluten_free and vegetarian. Contains allergens: gluten, lupin and mustard.",starter,6.77,EUR,lemon;onion;white fish;cheese;cream;sugar,gluten;lupin;mustard,gluten_free;vegetarian,0,236,True
420,20,Oven-baked sea bass,"Oven-baked sea bass is a main dish, made mainly with cheese, spinach, olive oil, chicken and egg. Contains allergens: celery and shellfish.",main,8.35,EUR,cheese;spinach;olive oil;chicken;egg,celery;shellfish,,0,753,True
421,20,Cream mille-feuille,"Cream mille-feuille is a dessert dish, made mainly with mushrooms and chocolate. Suitable for the following diets: halal and kosher. Contains allergens: gluten, milk and shellfish.",dessert,4.26,EUR,mushrooms;chocolate,gluten;milk;shellfish,halal;kosher,0,396,False
422,20,Garlic shrimp (house style),"Garlic shrimp (house style) is a small plate dish, made mainly with garlic, onion and beef. No declared allergens. Spice level: 2/5.",small plate,1.62,EUR,garlic;onion;beef,,,2,199,True
423,20,Spanish-style omelette,"Spanish-style omelette is a small plate dish, made mainly with beef and parsley. No declared allergens. Spice level: 1/5.",small plate,3.98,EUR,beef;parsley,,,1,146,True
424,20,Fresh pasta with wild mushrooms (chef's special),"Fresh pasta with wild mushrooms (chef's special) is a main dish, made mainly with flour, parsley and garlic. Contains allergens: fish.",main,8.33,EUR,flour;parsley;garlic,fish,,0,498,True
425,20,Chicken curry,"Chicken curry is a main dish, made mainly with pork, potato, tomato, chicken and egg. Suitable for the following diets: kosher and halal. No declared allergens.",main,10.77,EUR,pork;potato;tomato;chicken;egg,,kosher;halal,0,844,True
426,20,Grilled sirloin steak,"Grilled sirloin steak is a main dish, made mainly with potato, seafood, almond, pork and onion. Contains allergens: sulphites.",main,9.73,EUR,potato;seafood;almond;pork;onion,sulphites,,0,557,True
427,20,Grilled sirloin steak (chef's special),"Grilled sirloin steak (chef's special) is a main dish, made mainly with pork, flour, spinach and tomato. No declared allergens.",main,7.52,EUR,pork;flour;spinach;tomato,,,0,740,True
428,20,Oven-baked sea bass (traditional),"Oven-baked sea bass (traditional) is a main dish, made mainly with lemon, chocolate, onion, paprika and white fish. No declared allergens.",main,6.37,EUR,lemon;chocolate;onion;paprika;white fish,,,0,675,False
429,20,Cola,"Cola is a drink dish, made mainly with basic amenities. Suitable for the following diets: kosher. No declared allergens.",drink,2.4,EUR,,,kosher,0,97,True
430,20,Hummus with crudités (signature),"Hummus with crudités (signature) is a starter dish, made mainly with flour, milk, sugar, olive oil and mushrooms. Contains allergens: shellfish. Spice level: 1/5.",starter,2.31,EUR,flour;milk;sugar;olive oil;mushrooms,shellfish,,1,261,True
431,20,Fresh pasta with wild mushrooms,"Fresh pasta with wild mushrooms is a main dish, made mainly with almond, flour, cream, white fish, cheese and olive oil. Contains allergens: molluscs, celery and sulphites. Spice level: 3/5.",main,10.32,EUR,almond;flour;cream;white fish;cheese;olive oil,molluscs;celery;sulphites,,3,730,True
432,20,Spicy fried potatoes,"Spicy fried potatoes is a small plate dish, made mainly with olive oil, white fish, egg, almond, mushrooms and bell pepper. No declared allergens.",small plate,3.03,EUR,olive oil;white fish;egg;almond;mushrooms;bell pepper,,,0,183,True
433,20,Chicken curry (signature),"Chicken curry (signature) is a main dish, made mainly with sugar and egg. No declared allergens. Spice level: 1/5.",main,7.33,EUR,sugar;egg,,,1,517,True
434,21,Spicy fried potatoes,"Spicy fried potatoes is a small plate dish, made mainly with flour and parsley. Suitable for the following diets: gluten_free and vegetarian. No declared allergens.",small plate,2.88,EUR,flour;parsley,,gluten_free;vegetarian,0,218,True
435,21,Grilled sirloin steak,"Grilled sirloin steak is a main dish, made mainly with rice, potato, sugar, lemon and flour. Suitable for the following diets: lactose_free. Contains allergens: tree nuts.",main,6.12,EUR,rice;potato;sugar;lemon;flour,tree nuts,lactose_free,0,541,True
436,21,Hummus with crudités,"Hummus with crudités is a starter dish, made mainly with mushrooms, egg, onion, seafood, parsley and tomato. No declared allergens.",starter,5.78,EUR,mushrooms;egg;onion;seafood;parsley;tomato,,,0,217,True
437,21,Grilled sirloin steak (signature),"Grilled sirloin steak (signature) is a main dish, made mainly with egg, almond and tomato. No declared allergens. Spice level: 3/5.",main,8.66,EUR,egg;almond;tomato,,,3,592,True
438,21,Grilled peppers,"Grilled peppers is a small plate dish, made mainly with almond and tomato. Contains allergens: egg, soy and sulphites. Spice level: 2/5.",small plate,1.72,EUR,almond;tomato,egg;soy;sulphites,,2,266,True
439,21,Grilled sirloin steak (chef's special),"Grilled sirloin steak (chef's special) is a main dish, made mainly with olive oil, cream, parsley, sugar, egg and mushrooms. No declared allergens. Spice level: 5/5.",main,7.73,EUR,olive oil;cream;parsley;sugar;egg;mushrooms,,,5,645,True
440,21,Grilled sirloin steak (house style),"Grilled sirloin steak (house style) is a main dish, made mainly with milk, rice, white fish, pork, chicken and cream. No declared allergens. Spice level: 1/5.",main,8.15,EUR,milk;rice;white fish;pork;chicken;cream,,,1,800,True
441,21,Fresh pasta with wild mushrooms,"Fresh pasta with wild mushrooms is a main dish, made mainly with onion and olive oil. No declared allergens. Spice level: 1/5.",main,9.2,EUR,onion;olive oil,,,1,770,True
442,21,Beef carpaccio,"Beef carpaccio is a starter dish, made mainly with pork and spinach. No declared allergens.",starter,6.98,EUR,pork;spinach,,,0,247,True
443,21,Fresh juice,"Fresh juice is a drink dish, made mainly with basic amenities. No declared allergens. Spice level: 2/5.",drink,2.04,EUR,,,,2,24,True
444,21,Chicken curry,"Chicken curry is a main dish, made mainly with sugar, almond, paprika, chocolate, milk and garlic. Suitable for the following diets: gluten_free and halal. No declared allergens.",main,10.39,EUR,sugar;almond;paprika;chocolate;milk;garlic,,gluten_free;halal,0,493,False
445,21,Confit cod,"Confit cod is a main dish, made mainly with pork, spinach, lemon, rice, potato and paprika. Contains allergens: peanuts. Spice level: 2/5.",main,7.47,EUR,pork;spinach;lemon;rice;potato;paprika,peanuts,,2,608,True
446,21,Cheesecake,"Cheesecake is a dessert dish, made mainly with cream, bell pepper, cheese, parsley, olive oil and milk. No declared allergens.",dessert,2.7,EUR,cream;bell pepper;cheese;parsley;olive oil;milk,,,0,449,True
447,21,House wine (glass),"House wine (glass) is a drink dish, made mainly with basic amenities. Contains allergens: soy. Spice level: 1/5.",drink,1.27,EUR,,soy,,1,83,False
448,21,Charcuterie board,"Charcuterie board is a starter dish, made mainly with pork and tomato. No declared allergens. Spice level: 3/5.",starter,5.86,EUR,pork;tomato,,,3,270,True
449,21,Homemade custard,"Homemade custard is a dessert dish, made mainly with mushrooms and bell pepper. Suitable for the following diets: gluten_free and vegan. Contains allergens: celery and sesame. Spice level: 2/5.",dessert,4.37,EUR,mushrooms;bell pepper,celery;sesame,gluten_free;vegan,2,312,True
450,21,Homemade croquettes,"Homemade croquettes is a starter dish, made mainly with mushrooms and cream. Suitable for the following diets: vegetarian and kosher. No declared allergens. Spice level: 2/5.",starter,5.98,EUR,mushrooms;cream,,vegetarian;kosher,2,232,False
451,21,Homemade croquettes (traditional),"Homemade croquettes (traditional) is a starter dish, made mainly with mushrooms, bell pepper, chicken, spinach and almond. Contains allergens: sesame and gluten. Spice level: 2/5.",starter,6.25,EUR,mushrooms;bell pepper;chicken;spinach;almond,sesame;gluten,,2,293,True
452,21,Seasonal fruit,"Seasonal fruit is a dessert dish, made mainly with lemon, cheese, garlic, onion and olive oil. No declared allergens.",dessert,5.43,EUR,lemon;cheese;garlic;onion;olive oil,,,0,491,True
453,21,Grilled sirloin steak,"Grilled sirloin steak is a main dish, made mainly with parsley, beef, garlic, pork, almond and lemon. Contains allergens: gluten and tree nuts.",main,10.35,EUR,parsley;beef;garlic;pork;almond;lemon,gluten;tree nuts,,0,593,True
454,21,House burger,"House burger is a main dish, made mainly with onion, sugar and seafood. Contains allergens: peanuts and gluten.",main,8.04,EUR,onion;sugar;seafood,peanuts;gluten,,0,549,True
455,21,Marinated anchovies,"Marinated anchovies is a small plate dish, made mainly with almond, egg, paprika, bell pepper and lemon. No declared allergens.",small plate,2.54,EUR,almond;egg;paprika;bell pepper;lemon,,,0,256,True
456,21,Spicy fried potatoes (house style),"Spicy fried potatoes (house style) is a small plate dish, made mainly with chocolate, lemon, garlic, beef, tomato and cheese. No declared allergens.",small plate,2.08,EUR,chocolate;lemon;garlic;beef;tomato;cheese,,,0,233,True
457,21,Homemade croquettes (house style),"Homemade croquettes (house style) is a starter dish, made mainly with seafood, cheese and olive oil. No declared allergens.",starter,4.81,EUR,seafood;cheese;olive oil,,,0,247,True
458,21,Homemade croquettes (chef's special),"Homemade croquettes (chef's special) is a starter dish, made mainly with flour, paprika and white fish. Contains allergens: celery, mustard and soy.",starter,6.9,EUR,flour;paprika;white fish,celery;mustard;soy,,0,304,True
459,21,Garlic shrimp,"Garlic shrimp is a small plate dish, made mainly with sugar and potato. No declared allergens.",small plate,2.82,EUR,sugar;potato,,,0,238,True
460,21,Creamy seafood rice,"Creamy seafood rice is a main dish, made mainly with chicken and milk. Contains allergens: lupin and egg.",main,7.51,EUR,chicken;milk,lupin;egg,,0,693,False
461,21,Spanish-style omelette,"Spanish-style omelette is a small plate dish, made mainly with potato, garlic and tomato. No declared allergens. Spice level: 3/5.",small plate,3.3,EUR,potato;garlic;tomato,,,3,128,True
462,21,Chocolate lava cake,"Chocolate lava cake is a dessert dish, made mainly with egg, potato, spinach, mushrooms, white fish and cream. No declared allergens.",dessert,4.52,EUR,egg;potato;spinach;mushrooms;white fish;cream,,,0,409,True
463,22,Cola,"Cola is a drink dish, made mainly with basic amenities. No declared allergens.",drink,4.35,EUR,,,,0,90,True
464,22,Garden risotto,"Garden risotto is a main dish, made mainly with cream and chocolate. Contains allergens: milk, sesame and egg. Spice level: 1/5.",main,20.02,EUR,cream;chocolate,milk;sesame;egg,,1,409,True
465,22,Oven-baked sea bass,"Oven-baked sea bass is a main dish, made mainly with seafood and almond. Contains allergens: egg.",main,30.77,EUR,seafood;almond,egg,,0,669,True
466,22,Soup of the day,"Soup of the day is a starter dish, made mainly with tomato, almond, white fish and mushrooms. No declared allergens. Spice level: 1/5.",starter,15.74,EUR,tomato;almond;white fish;mushrooms,,,1,226,True
467,22,Chocolate lava cake,"Chocolate lava cake is a dessert dish, made mainly with spinach and bell pepper. Contains allergens: tree nuts, molluscs and mustard. Spice level: 1/5.",dessert,9.64,EUR,spinach;bell pepper,tree nuts;molluscs;mustard,,1,246,True
468,22,Seasonal fruit,"Seasonal fruit is a dessert dish, made mainly with mushrooms, tomato, potato and bell pepper. Suitable for the following diets: vegan. No declared allergens. Spice level: 4/5.",dessert,8.35,EUR,mushrooms;tomato;potato;bell pepper,,vegan,4,352,True
469,22,Chicken curry,"Chicken curry is a main dish, made mainly with pork, parsley, bell pepper, almond, lemon and white fish. No declared allergens. Spice level: 1/5.",main,20.63,EUR,pork;parsley;bell pepper;almond;lemon;white fish,,,1,698,True
470,22,Seasonal fruit (chef's special),"Seasonal fruit (chef's special) is a dessert dish, made mainly with chocolate and parsley. Contains allergens: fish and shellfish.",dessert,9.34,EUR,chocolate;parsley,fish;shellfish,,0,330,True
471,22,Cheesecake,"Cheesecake is a dessert dish, made mainly with milk, beef, cheese, garlic, lemon and paprika. No declared allergens.",dessert,9.84,EUR,milk;beef;cheese;garlic;lemon;paprika,,,0,297,True
472,22,Garlic shrimp,"Garlic shrimp is a small plate dish, made mainly with flour, cream, chocolate, bell pepper and white fish. Contains allergens: tree nuts.",small plate,6.88,EUR,flour;cream;chocolate;bell pepper;white fish,tree nuts,,0,173,True
473,22,Oven-baked sea bass (house style),"Oven-baked sea bass (house style) is a main dish, made mainly with onion, chocolate, beef and tomato. No declared allergens. Spice level: 2/5.",main,20.57,EUR,onion;chocolate;beef;tomato,,,2,495,True
474,22,Grilled sirloin steak,"Grilled sirloin steak is a main dish, made mainly with paprika and olive oil. Contains allergens: molluscs. Spice level: 2/5.",main,29.13,EUR,paprika;olive oil,molluscs,,2,641,True
475,22,House burger,"House burger is a main dish, made mainly with bell pepper, seafood and lemon. Contains allergens: sesame. Spice level: 1/5.",main,27.15,EUR,bell pepper;seafood;lemon,sesame,,1,634,True
476,22,Cola (house style),"Cola (house style) is a drink dish, made mainly with basic amenities. No declared allergens.",drink,2.68,EUR,,,,0,183,True
477,22,Confit cod,"Confit cod is a main dish, made mainly with potato, white fish, cheese, spinach and chicken. Suitable for the following diets: halal and gluten_free. No declared allergens.",main,27.62,EUR,potato;white fish;cheese;spinach;chicken,,halal;gluten_free,0,839,True
478,22,House wine (glass),"House wine (glass) is a drink dish, made mainly with basic amenities. Contains allergens: celery, peanuts and milk. Spice level: 1/5.",drink,2.81,EUR,,celery;peanuts;milk,,1,158,True
479,22,Homemade custard,"Homemade custard is a dessert dish, made mainly with tomato, rice and pork. Suitable for the following diets: halal and kosher. No declared allergens.",dessert,9.17,EUR,tomato;rice;pork,,halal;kosher,0,471,True
480,22,Homemade croquettes,"Homemade croquettes is a starter dish, made mainly with chocolate, white fish, spinach, chicken, beef and onion. Contains allergens: shellfish and milk.",starter,7.23,EUR,chocolate;white fish;spinach;chicken;beef;onion,shellfish;milk,,0,207,True
481,22,Hummus with crudités,"Hummus with crudités is a starter dish, made mainly with seafood, lemon and rice. No declared allergens. Spice level: 2/5.",starter,13.77,EUR,seafood;lemon;rice,,,2,214,True
482,22,Spicy fried potatoes,"Spicy fried potatoes is a small plate dish, made mainly with lemon and beef. Suitable for the following diets: vegan and gluten_free. No declared allergens. Spice level: 4/5.",small plate,7.83,EUR,lemon;beef,,vegan;gluten_free,4,204,True
483,22,Creamy seafood rice,"Creamy seafood rice is a main dish, made mainly with flour, cream, mushrooms, onion, lemon and bell pepper. Suitable for the following diets: vegetarian. No declared allergens.",main,22.71,EUR,flour;cream;mushrooms;onion;lemon;bell pepper,,vegetarian,0,491,True
484,22,Oven-baked sea bass (traditional),"Oven-baked sea bass (traditional) is a main dish, made mainly with almond, egg, sugar, onion, white fish and spinach. Contains allergens: celery, tree nuts and peanuts.",main,23.43,EUR,almond;egg;sugar;onion;white fish;spinach,celery;tree nuts;peanuts,,0,609,False
485,22,Grilled peppers,"Grilled peppers is a small plate dish, made mainly with parsley, white fish, spinach, egg, seafood and sugar. No declared allergens.",small plate,6.28,EUR,parsley;white fish;spinach;egg;seafood;sugar,,,0,157,True
486,22,Warm mixed salad,"Warm mixed salad is a starter dish, made mainly with white fish, tomato, bell pepper, onion and pork. Contains allergens: mustard.",starter,12.97,EUR,white fish;tomato;bell pepper;onion;pork,mustard,,0,276,True
487,22,Spicy fried potatoes (traditional),"Spicy fried potatoes (traditional) is a small plate dish, made mainly with garlic, rice, tomato and white fish. No declared allergens. Spice level: 1/5.",small plate,7.79,EUR,garlic;rice;tomato;white fish,,,1,127,True
488,22,Chicken curry (signature),"Chicken curry (signature) is a main dish, made mainly with lemon, cheese, sugar, spinach, almond and cream. Contains allergens: milk. Spice level: 1/5.",main,27.68,EUR,lemon;cheese;sugar;spinach;almond;cream,milk,,1,761,True
489,23,Oven-baked sea bass,"Oven-baked sea bass is a main dish, made mainly with pork, rice, garlic and flour. Contains allergens: sulphites. Spice level: 2/5.",main,9.18,EUR,pork;rice;garlic;flour,sulphites,,2,643,True
490,23,Oven-baked sea bass (traditional),"Oven-baked sea bass (traditional) is a main dish, made mainly with garlic, onion, cheese, tomato, almond and flour. Suitable for the following diets: lactose_free and gluten_free. Contains allergens: tree nuts and fish.",main,7.7,EUR,garlic;onion;cheese;tomato;almond;flour,tree nuts;fish,lactose_free;gluten_free,0,722,True
491,23,Soup of the day,"Soup of the day is a starter dish, made mainly with potato, seafood and cream. Contains allergens: sulphites and soy.",starter,6.46,EUR,potato;seafood;cream,sulphites;soy,,0,269,True
492,23,Homemade croquettes,"Homemade croquettes is a starter dish, made mainly with garlic, flour, paprika, milk, cheese and mushrooms. No declared allergens.",starter,5.65,EUR,garlic;flour;paprika;milk;cheese;mushrooms,,,0,272,True
493,23,Creamy seafood rice,"Creamy seafood rice is a main dish, made mainly with paprika, rice, milk, chocolate and sugar. Contains allergens: lupin.",main,10.96,EUR,paprika;rice;milk;chocolate;sugar,lupin,,0,727,True
494,23,Cream mille-feuille,"Cream mille-feuille is a dessert dish, made mainly with potato, olive oil, sugar, egg and white fish. No declared allergens. Spice level: 1/5.",dessert,5.16,EUR,potato;olive oil;sugar;egg;white fish,,,1,385,True
495,23,Hummus with crudités,"Hummus with crudités is a starter dish, made mainly with chocolate, chicken, spinach and mushrooms. Suitable for the following diets: kosher and lactose_free. Contains allergens: peanuts and milk. Spice level: 1/5.",starter,6.89,EUR,chocolate;chicken;spinach;mushrooms,peanuts;milk,kosher;lactose_free,1,276,True
496,23,Grilled sirloin steak,"Grilled sirloin steak is a main dish, made mainly with white fish, beef, sugar, spinach, cream and lemon. Suitable for the following diets: halal. No declared allergens. Spice level: 2/5.",main,8.05,EUR,white fish;beef;sugar;spinach;cream;lemon,,halal,2,736,True
497,23,Warm mixed salad,"Warm mixed salad is a starter dish, made mainly with onion, white fish and chicken. No declared allergens. Spice level: 2/5.",starter,3.76,EUR,onion;white fish;chicken,,,2,317,True
498,23,House wine (glass),"House wine (glass) is a drink dish, made mainly with basic amenities. Suitable for the following diets: vegan and vegetarian. Contains allergens: fish. Spice level: 2/5.",drink,1.49,EUR,,fish,vegan;vegetarian,2,32,True
499,23,Oven-baked sea bass (signature),"Oven-baked sea bass (signature) is a main dish, made mainly with lemon, paprika, milk, flour and spinach. Contains allergens: sulphites. Spice level: 1/5.",main,11.13,EUR,lemon;paprika;milk;flour;spinach,sulphites,,1,546,True
500,23,Artisan ice cream,"Artisan ice cream is a dessert dish, made mainly with almond and onion. Contains allergens: peanuts and shellfish. Spice level: 1/5.",dessert,4.86,EUR,almond;onion,peanuts;shellfish,,1,443,True
501,23,Warm mixed salad (traditional),"Warm mixed salad (traditional) is a starter dish, made mainly with rice, sugar and spinach. No declared allergens.",starter,2.29,EUR,rice;sugar;spinach,,,0,289,True
502,23,Craft beer,"Craft beer is a drink dish, made mainly with basic amenities. No declared allergens.",drink,2.63,EUR,,,,0,124,True
503,23,Grilled sirloin steak (signature),"Grilled sirloin steak (signature) is a main dish, made mainly with tomato, spinach and egg. Suitable for the following diets: halal and lactose_free. No declared allergens.",main,10.53,EUR,tomato;spinach;egg,,halal;lactose_free,0,719,True
504,23,Homemade croquettes (house style),"Homemade croquettes (house style) is a starter dish, made mainly with olive oil, paprika and chocolate. No declared allergens. Spice level: 2/5.",starter,4.83,EUR,olive oil;paprika;chocolate,,,2,266,True
505,23,Cheesecake,"Cheesecake is a dessert dish, made mainly with cheese and olive oil. Suitable for the following diets: vegan and lactose_free. Contains allergens: gluten.",dessert,4.38,EUR,cheese;olive oil,gluten,vegan;lactose_free,0,296,True
506,23,Fresh pasta with wild mushrooms,"Fresh pasta with wild mushrooms is a main dish, made mainly with lemon, sugar and rice. Contains allergens: milk.",main,11.75,EUR,lemon;sugar;rice,milk,,0,728,True
507,23,Homemade custard,"Homemade custard is a dessert dish, made mainly with olive oil, bell pepper, pork, potato, almond and garlic. Contains allergens: sesame, celery and fish. Spice level: 2/5.",dessert,4.05,EUR,olive oil;bell pepper;pork;potato;almond;garlic,sesame;celery;fish,,2,306,True
508,23,Artisan ice cream (house style),"Artisan ice cream (house style) is a dessert dish, made mainly with spinach and rice. No declared allergens. Spice level: 4/5.",dessert,3.59,EUR,spinach;rice,,,4,345,True
509,23,Specialty coffee,"Specialty coffee is a drink dish, made mainly with basic amenities. No declared allergens.",drink,3.39,EUR,,,,0,111,True
510,23,Cheesecake (house style),"Cheesecake (house style) is a dessert dish, made mainly with rice, egg, seafood and mushrooms. Contains allergens: milk and peanuts.",dessert,4.49,EUR,rice;egg;seafood;mushrooms,milk;peanuts,,0,366,True
511,23,Creamy seafood rice (house style),"Creamy seafood rice (house style) is a main dish, made mainly with egg and olive oil. Suitable for the following diets: gluten_free. Contains allergens: tree nuts.",main,15.0,EUR,egg;olive oil,tree nuts,gluten_free,0,711,True
512,24,Cured ham,"Cured ham is a small plate dish, made mainly with spinach, tomato, egg, chicken and bell pepper. Contains allergens: celery and sesame.",small plate,3.48,EUR,spinach;tomato;egg;chicken;bell pepper,celery;sesame,,0,148,True
513,24,Spanish-style omelette,"Spanish-style omelette is a small plate dish, made mainly with chicken and chocolate. No declared allergens.",small plate,4.79,EUR,chicken;chocolate,,,0,247,True
514,24,Garlic shrimp,"Garlic shrimp is a small plate dish, made mainly with seafood, egg, pork, lemon and garlic. Contains allergens: soy and peanuts.",small plate,3.08,EUR,seafood;egg;pork;lemon;garlic,soy;peanuts,,0,201,True
515,24,House wine (glass),"House wine (glass) is a drink dish, made mainly with basic amenities. Suitable for the following diets: vegan and kosher. No declared allergens. Spice level: 2/5.",drink,2.69,EUR,,,vegan;kosher,2,95,True
516,24,Cured ham (signature),"Cured ham (signature) is a small plate dish, made mainly with olive oil, milk and cheese. No declared allergens.",small plate,2.98,EUR,olive oil;milk;cheese,,,0,208,True
517,24,House wine (glass) (chef's special),"House wine (glass) (chef's special) is a drink dish, made mainly with basic amenities. No declared allergens.",drink,2.03,EUR,,,,0,99,True
518,24,House burger,"House burger is a main dish, made mainly with olive oil, chicken, onion, milk and chocolate. No declared allergens. Spice level: 2/5.",main,9.59,EUR,olive oil;chicken;onion;milk;chocolate,,,2,572,False
519,24,Fresh pasta with wild mushrooms,"Fresh pasta with wild mushrooms is a main dish, made mainly with potato, olive oil, chocolate, rice and tomato. Contains allergens: fish, soy and celery. Spice level: 1/5.",main,14.15,EUR,potato;olive oil;chocolate;rice;tomato,fish;soy;celery,,1,466,True
520,24,Fresh pasta with wild mushrooms (signature),"Fresh pasta with wild mushrooms (signature) is a main dish, made mainly with white fish and rice. No declared allergens. Spice level: 2/5.",main,10.02,EUR,white fish;rice,,,2,593,True
521,24,Grilled peppers,"Grilled peppers is a small plate dish, made mainly with cheese, egg, bell pepper, garlic and seafood. Suitable for the following diets: vegan. Contains allergens: lupin.",small plate,2.71,EUR,cheese;egg;bell pepper;garlic;seafood,lupin,vegan,0,250,True
522,24,Confit cod,"Confit cod is a main dish, made mainly with tomato, garlic, olive oil, onion, milk and spinach. Suitable for the following diets: gluten_free and halal. Contains allergens: egg, peanuts and gluten.",main,8.74,EUR,tomato;garlic;olive oil;onion;milk;spinach,egg;peanuts;gluten,gluten_free;halal,0,668,True
523,24,Cream mille-feuille,"Cream mille-feuille is a dessert dish, made mainly with spinach, tomato, white fish and chicken. No declared allergens.",dessert,2.74,EUR,spinach;tomato;white fish;chicken,,,0,407,True
524,24,Charcuterie board,"Charcuterie board is a starter dish, made mainly with parsley, lemon, cream and cheese. No declared allergens.",starter,6.02,EUR,parsley;lemon;cream;cheese,,,0,253,True
525,24,Creamy seafood rice,"Creamy seafood rice is a main dish, made mainly with cheese, lemon, mushrooms, sugar and pork. Contains allergens: egg, fish and shellfish. Spice level: 4/5.",main,9.72,EUR,cheese;lemon;mushrooms;sugar;pork,egg;fish;shellfish,,4,488,True
526,24,House wine (glass) (house style),"House wine (glass) (house style) is a drink dish, made mainly with basic amenities. Contains allergens: mustard and lupin. Spice level: 5/5.",drink,2.07,EUR,,mustard;lupin,,5,101,True
527,24,Marinated anchovies,"Marinated anchovies is a small plate dish, made mainly with paprika, bell pepper, tomato, rice and milk. Suitable for the following diets: vegan. Contains allergens: lupin, celery and fish. Spice level: 2/5.",small plate,3.05,EUR,paprika;bell pepper;tomato;rice;milk,lupin;celery;fish,vegan,2,161,True
528,24,Homemade custard,"Homemade custard is a dessert dish, made mainly with mushrooms and garlic. Contains allergens: fish, egg and molluscs. Spice level: 4/5.",dessert,2.76,EUR,mushrooms;garlic,fish;egg;molluscs,,4,362,True
529,24,Spanish-style omelette (signature),"Spanish-style omelette (signature) is a small plate dish, made mainly with garlic and mushrooms. No declared allergens.",small plate,2.01,EUR,garlic;mushrooms,,,0,254,True
530,24,Grilled peppers (signature),"Grilled peppers (signature) is a small plate dish, made mainly with sugar, chicken, spinach, milk, flour and seafood. No declared allergens.",small plate,4.03,EUR,sugar;chicken;spinach;milk;flour;seafood,,,0,262,True
531,24,Creamy seafood rice (house style),"Creamy seafood rice (house style) is a main dish, made mainly with cheese, spinach and garlic. Contains allergens: egg, molluscs and sesame. Spice level: 3/5.",main,9.4,EUR,cheese;spinach;garlic,egg;molluscs;sesame,,3,503,True
532,24,Oven-baked sea bass,"Oven-baked sea bass is a main dish, made mainly with paprika, egg, mushrooms, flour, bell pepper and milk. No declared allergens. Spice level: 4/5.",main,8.84,EUR,paprika;egg;mushrooms;flour;bell pepper;milk,,,4,533,True
533,24,Warm mixed salad,"Warm mixed salad is a starter dish, made mainly with seafood, chicken, chocolate, olive oil, beef and garlic. No declared allergens.",starter,2.45,EUR,seafood;chicken;chocolate;olive oil;beef;garlic,,,0,279,True
534,24,Beef carpaccio,"Beef carpaccio is a starter dish, made mainly with mushrooms, chicken, white fish, cheese, seafood and olive oil. No declared allergens. Spice level: 2/5.",starter,3.75,EUR,mushrooms;chicken;white fish;cheese;seafood;olive oil,,,2,169,True
535,24,Artisan ice cream,"Artisan ice cream is a dessert dish, made mainly with egg, chocolate, parsley, pork, lemon and cheese. Suitable for the following diets: lactose_free and vegan. Contains allergens: sulphites.",dessert,4.59,EUR,egg;chocolate;parsley;pork;lemon;cheese,sulphites,lactose_free;vegan,0,489,True
536,24,Soup of the day,"Soup of the day is a starter dish, made mainly with cheese and bell pepper. Suitable for the following diets: lactose_free and gluten_free. Contains allergens: mustard and molluscs.",starter,6.92,EUR,cheese;bell pepper,mustard;molluscs,lactose_free;gluten_free,0,255,True
537,24,Fresh pasta with wild mushrooms (traditional),"Fresh pasta with wild mushrooms (traditional) is a main dish, made mainly with chicken, lemon, onion, egg, bell pepper and beef. Contains allergens: molluscs. Spice level: 1/5.",main,6.59,EUR,chicken;lemon;onion;egg;bell pepper;beef,molluscs,,1,617,True
538,24,Warm mixed salad (traditional),"Warm mixed salad (traditional) is a starter dish, made mainly with spinach and almond. Suitable for the following diets: halal and vegetarian. No declared allergens. Spice level: 5/5.",starter,9.89,EUR,spinach;almond,,halal;vegetarian,5,332,True
539,24,Mineral water,"Mineral water is a drink dish, made mainly with basic amenities. No declared allergens. Spice level: 5/5.",drink,2.07,EUR,,,,5,172,True
540,24,Creamy seafood rice (chef's special),"Creamy seafood rice (chef's special) is a main dish, made mainly with potato and seafood. Suitable for the following diets: lactose_free. No declared allergens.",main,7.14,EUR,potato;seafood,,lactose_free,0,854,True
541,24,Beef carpaccio (house style),"Beef carpaccio (house style) is a starter dish, made mainly with egg, cheese, garlic, cream, paprika and chocolate. Suitable for the following diets: halal. No declared allergens.",starter,4.61,EUR,egg;cheese;garlic;cream;paprika;chocolate,,halal,0,212,True
542,24,Seasonal fruit,"Seasonal fruit is a dessert dish, made mainly with cheese and milk. Suitable for the following diets: vegan. No declared allergens.",dessert,1.89,EUR,cheese;milk,,vegan,0,326,True
543,24,Mineral water (house style),"Mineral water (house style) is a drink dish, made mainly with basic amenities. No declared allergens. Spice level: 4/5.",drink,2.45,EUR,,,,4,45,True
544,24,Seasonal fruit (signature),"Seasonal fruit (signature) is a dessert dish, made mainly with cheese, chocolate, lemon, mushrooms, milk and pork. No declared allergens.",dessert,4.26,EUR,cheese;chocolate;lemon;mushrooms;milk;pork,,,0,313,True
545,24,Beef carpaccio (signature),"Beef carpaccio (signature) is a starter dish, made mainly with olive oil and lemon. Contains allergens: gluten. Spice level: 2/5.",starter,4.91,EUR,olive oil;lemon,gluten,,2,293,False
546,25,Spicy fried potatoes,"Spicy fried potatoes is a small plate dish, made mainly with olive oil, garlic, cream and egg. Suitable for the following diets: halal and kosher. No declared allergens. Spice level: 2/5.",small plate,7.3,EUR,olive oil;garlic;cream;egg,,halal;kosher,2,212,True
547,25,Cola,"Cola is a drink dish, made mainly with basic amenities. Contains allergens: soy and lupin.",drink,3.67,EUR,,soy;lupin,,0,122,True
548,25,Chocolate lava cake,"Chocolate lava cake is a dessert dish, made mainly with flour, spinach, beef and potato. Contains allergens: milk, sesame and peanuts. Spice level: 1/5.",dessert,6.02,EUR,flour;spinach;beef;potato,milk;sesame;peanuts,,1,287,True
549,25,Soup of the day,"Soup of the day is a starter dish, made mainly with potato, tomato, pork and white fish. Contains allergens: tree nuts and molluscs.",starter,7.25,EUR,potato;tomato;pork;white fish,tree nuts;molluscs,,0,304,False
550,25,Cola (house style),"Cola (house style) is a drink dish, made mainly with basic amenities. No declared allergens.",drink,3.16,EUR,,,,0,184,True
551,25,Fresh juice,"Fresh juice is a drink dish, made mainly with basic amenities. No declared allergens.",drink,4.16,EUR,,,,0,35,True
552,25,Confit cod,"Confit cod is a main dish, made mainly with lemon, seafood, chicken, onion, tomato and egg. Suitable for the following diets: vegetarian. Contains allergens: egg. Spice level: 4/5.",main,17.28,EUR,lemon;seafood;chicken;onion;tomato;egg,egg,vegetarian,4,689,True
553,25,Artisan ice cream,"Artisan ice cream is a dessert dish, made mainly with cheese, bell pepper, almond and white fish. No declared allergens.",dessert,4.49,EUR,cheese;bell pepper;almond;white fish,,,0,436,True
554,25,Chicken curry,"Chicken curry is a main dish, made mainly with flour, parsley, cheese, onion, tomato and mushrooms. Contains allergens: mustard, celery and milk.",main,19.23,EUR,flour;parsley;cheese;onion;tomato;mushrooms,mustard;celery;milk,,0,573,True
555,25,Homemade custard,"Homemade custard is a dessert dish, made mainly with tomato, beef, milk, bell pepper and chocolate. Contains allergens: lupin and fish.",dessert,5.64,EUR,tomato;beef;milk;bell pepper;chocolate,lupin;fish,,0,401,True
556,25,Chicken curry (house style),"Chicken curry (house style) is a main dish, made mainly with white fish, chicken, egg, seafood and chocolate. Suitable for the following diets: gluten_free and vegetarian. Contains allergens: lupin, molluscs and celery.",main,16.16,EUR,white fish;chicken;egg;seafood;chocolate,lupin;molluscs;celery,gluten_free;vegetarian,0,636,True
557,25,Charcuterie board,"Charcuterie board is a starter dish, made mainly with flour, white fish and beef. Contains allergens: gluten and lupin.",starter,10.39,EUR,flour;white fish;beef,gluten;lupin,,0,234,True
558,25,Oven-baked sea bass,"Oven-baked sea bass is a main dish, made mainly with garlic, olive oil and bell pepper. Suitable for the following diets: lactose_free and gluten_free. No declared allergens. Spice level: 2/5.",main,17.7,EUR,garlic;olive oil;bell pepper,,lactose_free;gluten_free,2,497,False
559,25,Seasonal fruit,"Seasonal fruit is a dessert dish, made mainly with milk and almond. Contains allergens: shellfish. Spice level: 1/5.",dessert,4.38,EUR,milk;almond,shellfish,,1,352,True
560,25,Charcuterie board (signature),"Charcuterie board (signature) is a starter dish, made mainly with paprika, potato, garlic, cream and seafood. No declared allergens.",starter,6.91,EUR,paprika;potato;garlic;cream;seafood,,,0,289,True
561,25,Grilled sirloin steak,"Grilled sirloin steak is a main dish, made mainly with white fish, chocolate, parsley and rice. Contains allergens: soy.",main,11.64,EUR,white fish;chocolate;parsley;rice,soy,,0,757,True
562,25,House wine (glass),"House wine (glass) is a drink dish, made mainly with basic amenities. No declared allergens. Spice level: 1/5.",drink,3.88,EUR,,,,1,60,True
563,25,Cured ham,"Cured ham is a small plate dish, made mainly with potato, beef, paprika and seafood. Contains allergens: gluten, celery and shellfish. Spice level: 3/5.",small plate,5.69,EUR,potato;beef;paprika;seafood,gluten;celery;shellfish,,3,179,True
564,25,Creamy seafood rice,"Creamy seafood rice is a main dish, made mainly with parsley and paprika. No declared allergens. Spice level: 1/5.",main,11.85,EUR,parsley;paprika,,,1,573,True
565,25,Chicken curry (signature),"Chicken curry (signature) is a main dish, made mainly with lemon, spinach, egg, flour and almond. No declared allergens. Spice level: 5/5.",main,18.89,EUR,lemon;spinach;egg;flour;almond,,,5,457,True
566,25,Soup of the day (house style),"Soup of the day (house style) is a starter dish, made mainly with cheese, chicken, onion and garlic. No declared allergens.",starter,8.37,EUR,cheese;chicken;onion;garlic,,,0,327,True
567,25,Homemade croquettes,"Homemade croquettes is a starter dish, made mainly with parsley, chicken, spinach, milk, potato and flour. No declared allergens. Spice level: 5/5.",starter,7.28,EUR,parsley;chicken;spinach;milk;potato;flour,,,5,218,True
568,26,Craft beer,"Craft beer is a drink dish, made mainly with basic amenities. No declared allergens. Spice level: 1/5.",drink,3.12,EUR,,,,1,143,True
569,26,Oven-baked sea bass,"Oven-baked sea bass is a main dish, made mainly with potato and chicken. Suitable for the following diets: halal and lactose_free. No declared allergens.",main,19.0,EUR,potato;chicken,,halal;lactose_free,0,809,True
570,26,Warm mixed salad,"Warm mixed salad is a starter dish, made mainly with paprika, cream, chocolate, cheese, olive oil and tomato. Contains allergens: shellfish and soy.",starter,5.18,EUR,paprika;cream;chocolate;cheese;olive oil;tomato,shellfish;soy,,0,246,True
571,26,Craft beer (traditional),"Craft beer (traditional) is a drink dish, made mainly with basic amenities. Suitable for the following diets: vegan and lactose_free. No declared allergens.",drink,4.04,EUR,,,vegan;lactose_free,0,75,True
572,26,Craft beer (house style),"Craft beer (house style) is a drink dish, made mainly with basic amenities. No declared allergens. Spice level: 2/5.",drink,3.23,EUR,,,,2,155,True
573,26,Homemade croquettes,"Homemade croquettes is a starter dish, made mainly with almond, cheese, potato, tomato and seafood. Suitable for the following diets: kosher. No declared allergens. Spice level: 1/5.",starter,7.32,EUR,almond;cheese;potato;tomato;seafood,,kosher,1,232,True
574,26,Artisan ice cream,"Artisan ice cream is a dessert dish, made mainly with paprika, cheese, egg, beef and garlic. Contains allergens: soy, peanuts and egg. Spice level: 1/5.",dessert,6.23,EUR,paprika;cheese;egg;beef;garlic,soy;peanuts;egg,,1,538,False
575,26,Soup of the day,"Soup of the day is a starter dish, made mainly with white fish, olive oil, cheese, lemon, spinach and beef. No declared allergens.",starter,4.99,EUR,white fish;olive oil;cheese;lemon;spinach;beef,,,0,336,True
576,26,Fresh pasta with wild mushrooms,"Fresh pasta with wild mushrooms is a main dish, made mainly with mushrooms, bell pepper, cheese and sugar. Contains allergens: fish, milk and mustard.",main,15.49,EUR,mushrooms;bell pepper;cheese;sugar,fish;milk;mustard,,0,663,True
577,26,Garlic shrimp,"Garlic shrimp is a small plate dish, made mainly with cream and flour. No declared allergens.",small plate,6.06,EUR,cream;flour,,,0,164,True
578,26,Chocolate lava cake,"Chocolate lava cake is a dessert dish, made mainly with milk, garlic, spinach and cheese. Contains allergens: fish.",dessert,5.06,EUR,milk;garlic;spinach;cheese,fish,,0,484,True
579,26,Specialty coffee,"Specialty coffee is a drink dish, made mainly with basic amenities. Contains allergens: milk. Spice level: 1/5.",drink,2.08,EUR,,milk,,1,115,True
580,26,Oven-baked sea bass (chef's special),"Oven-baked sea bass (chef's special) is a main dish, made mainly with milk and cream. No declared allergens.",main,12.69,EUR,milk;cream,,,0,764,True
581,26,Cheesecake,"Cheesecake is a dessert dish, made mainly with bell pepper, beef, garlic, lemon, spinach and cheese. No declared allergens.",dessert,7.84,EUR,bell pepper;beef;garlic;lemon;spinach;cheese,,,0,450,True
582,27,Artisan ice cream,"Artisan ice cream is a dessert dish, made mainly with chocolate and beef. No declared allergens. Spice level: 3/5.",dessert,8.37,EUR,chocolate;beef,,,3,463,True
583,27,Grilled sirloin steak,"Grilled sirloin steak is a main dish, made mainly with egg, almond, flour and bell pepper. Contains allergens: fish.",main,27.9,EUR,egg;almond;flour;bell pepper,fish,,0,745,True
584,27,Mineral water,"Mineral water is a drink dish, made mainly with basic amenities. Suitable for the following diets: gluten_free and lactose_free. No declared allergens.",drink,3.35,EUR,,,gluten_free;lactose_free,0,142,True
585,27,Garden risotto,"Garden risotto is a main dish, made mainly with flour, potato and mushrooms. No declared allergens. Spice level: 3/5.",main,25.0,EUR,flour;potato;mushrooms,,,3,642,True
586,27,Seasonal fruit,"Seasonal fruit is a dessert dish, made mainly with potato, chocolate and beef. No declared allergens. Spice level: 5/5.",dessert,9.68,EUR,potato;chocolate;beef,,,5,467,True
587,27,Grilled peppers,"Grilled peppers is a small plate dish, made mainly with mushrooms, parsley, chocolate and almond. Suitable for the following diets: gluten_free and vegan. No declared allergens. Spice level: 1/5.",small plate,8.55,EUR,mushrooms;parsley;chocolate;almond,,gluten_free;vegan,1,201,True
588,27,Spicy fried potatoes,"Spicy fried potatoes is a small plate dish, made mainly with potato, egg, garlic and sugar. No declared allergens.",small plate,10.18,EUR,potato;egg;garlic;sugar,,,0,191,True
589,27,Mineral water (signature),"Mineral water (signature) is a drink dish, made mainly with basic amenities. Suitable for the following diets: gluten_free. Contains allergens: mustard, soy and sesame. Spice level: 3/5.",drink,5.24,EUR,,mustard;soy;sesame,gluten_free,3,122,True
590,27,Seasonal fruit (signature),"Seasonal fruit (signature) is a dessert dish, made mainly with chocolate, pork, chicken and parsley. Contains allergens: milk, mustard and celery. Spice level: 2/5.",dessert,9.56,EUR,chocolate;pork;chicken;parsley,milk;mustard;celery,,2,265,True
591,27,Beef carpaccio,"Beef carpaccio is a starter dish, made mainly with egg and sugar. Suitable for the following diets: halal. Contains allergens: tree nuts.",starter,12.38,EUR,egg;sugar,tree nuts,halal,0,306,True
592,27,Mineral water (traditional),"Mineral water (traditional) is a drink dish, made mainly with basic amenities. No declared allergens.",drink,4.66,EUR,,,,0,138,True
593,27,Beef carpaccio (house style),"Beef carpaccio (house style) is a starter dish, made mainly with milk, beef, flour and almond. No declared allergens.",starter,18.16,EUR,milk;beef;flour;almond,,,0,234,True
594,27,Garlic shrimp,"Garlic shrimp is a small plate dish, made mainly with rice, spinach, mushrooms, chicken and chocolate. No declared allergens. Spice level: 3/5.",small plate,5.72,EUR,rice;spinach;mushrooms;chicken;chocolate,,,3,233,True
595,27,Oven-baked sea bass,"Oven-baked sea bass is a main dish, made mainly with cheese, bell pepper, mushrooms and onion. No declared allergens.",main,22.51,EUR,cheese;bell pepper;mushrooms;onion,,,0,732,True
596,27,Beef carpaccio (chef's special),"Beef carpaccio (chef's special) is a starter dish, made mainly with cheese, potato, rice and spinach. No declared allergens.",starter,10.96,EUR,cheese;potato;rice;spinach,,,0,218,True
597,27,Mineral water (chef's special),"Mineral water (chef's special) is a drink dish, made mainly with basic amenities. No declared allergens.",drink,4.29,EUR,,,,0,76,True
598,27,Charcuterie board,"Charcuterie board is a starter dish, made mainly with bell pepper and white fish. No declared allergens.",starter,14.25,EUR,bell pepper;white fish,,,0,242,True
599,27,Chocolate lava cake,"Chocolate lava cake is a dessert dish, made mainly with seafood, chicken, white fish, beef, garlic and potato. No declared allergens. Spice level: 1/5.",dessert,9.22,EUR,seafood;chicken;white fish;beef;garlic;potato,,,1,392,True
600,27,Garlic shrimp (traditional),"Garlic shrimp (traditional) is a small plate dish, made mainly with egg, almond and chocolate. No declared allergens.",small plate,8.36,EUR,egg;almond;chocolate,,,0,187,True
601,27,Grilled peppers (signature),"Grilled peppers (signature) is a small plate dish, made mainly with white fish, onion, milk, pork, sugar and cream. Contains allergens: sulphites, shellfish and fish. Spice level: 1/5.",small plate,7.87,EUR,white fish;onion;milk;pork;sugar;cream,sulphites;shellfish;fish,,1,271,False
602,27,Craft beer,"Craft beer is a drink dish, made mainly with basic amenities. No declared allergens. Spice level: 2/5.",drink,4.21,EUR,,,,2,40,True
603,27,Grilled peppers (house style),"Grilled peppers (house style) is a small plate dish, made mainly with rice and chocolate. Suitable for the following diets: gluten_free. No declared allergens.",small plate,10.54,EUR,rice;chocolate,,gluten_free,0,184,True
604,27,Grilled sirloin steak (signature),"Grilled sirloin steak (signature) is a main dish, made mainly with garlic, mushrooms, pork and parsley. No declared allergens. Spice level: 5/5.",main,13.77,EUR,garlic;mushrooms;pork;parsley,,,5,434,True
605,27,Chocolate lava cake (signature),"Chocolate lava cake (signature) is a dessert dish, made mainly with seafood, paprika and spinach. No declared allergens.",dessert,6.86,EUR,seafood;paprika;spinach,,,0,489,True
606,27,Garlic shrimp (signature),"Garlic shrimp (signature) is a small plate dish, made mainly with egg, mushrooms, onion, garlic, sugar and cheese. No declared allergens.",small plate,8.29,EUR,egg;mushrooms;onion;garlic;sugar;cheese,,,0,201,True
607,27,Garden risotto (signature),"Garden risotto (signature) is a main dish, made mainly with paprika, rice and spinach. No declared allergens. Spice level: 1/5.",main,23.19,EUR,paprika;rice;spinach,,,1,838,False
608,27,Spicy fried potatoes (chef's special),"Spicy fried potatoes (chef's special) is a small plate dish, made mainly with white fish, tomato and rice. Contains allergens: lupin and gluten. Spice level: 5/5.",small plate,6.54,EUR,white fish;tomato;rice,lupin;gluten,,5,203,True
609,27,Soup of the day,"Soup of the day is a starter dish, made mainly with beef, potato, spinach, onion, parsley and sugar. No declared allergens. Spice level: 2/5.",starter,13.57,EUR,beef;potato;spinach;onion;parsley;sugar,,,2,272,True
610,27,Confit cod,"Confit cod is a main dish, made mainly with spinach and onion. No declared allergens. Spice level: 2/5.",main,25.17,EUR,spinach;onion,,,2,613,True
611,28,Garlic shrimp,"Garlic shrimp is a small plate dish, made mainly with flour, beef, chicken, tomato and bell pepper. Suitable for the following diets: lactose_free. No declared allergens.",small plate,6.42,EUR,flour;beef;chicken;tomato;bell pepper,,lactose_free,0,219,True
612,28,Grilled peppers,"Grilled peppers is a small plate dish, made mainly with white fish, almond, spinach, mushrooms and milk. Suitable for the following diets: halal and lactose_free. Contains allergens: egg.",small plate,3.67,EUR,white fish;almond;spinach;mushrooms;milk,egg,halal;lactose_free,0,171,True
613,28,Oven-baked sea bass,"Oven-baked sea bass is a main dish, made mainly with chocolate and bell pepper. Suitable for the following diets: lactose_free. Contains allergens: celery and fish. Spice level: 3/5.",main,16.33,EUR,chocolate;bell pepper,celery;fish,lactose_free,3,628,True
614,28,Beef carpaccio,"Beef carpaccio is a starter dish, made mainly with chicken, chocolate and almond. Contains allergens: shellfish. Spice level: 4/5.",starter,7.02,EUR,chicken;chocolate;almond,shellfish,,4,322,True
615,28,Beef carpaccio (signature),"Beef carpaccio (signature) is a starter dish, made mainly with flour and spinach. No declared allergens. Spice level: 1/5.",starter,10.08,EUR,flour;spinach,,,1,201,True
616,28,Fresh pasta with wild mushrooms,"Fresh pasta with wild mushrooms is a main dish, made mainly with seafood, white fish, mushrooms, chocolate, garlic and spinach. No declared allergens.",main,13.72,EUR,seafood;white fish;mushrooms;chocolate;garlic;spinach,,,0,725,True
617,28,Grilled sirloin steak,"Grilled sirloin steak is a main dish, made mainly with almond and white fish. No declared allergens. Spice level: 2/5.",main,14.69,EUR,almond;white fish,,,2,573,True
618,28,Garlic shrimp (house style),"Garlic shrimp (house style) is a small plate dish, made mainly with spinach, cream, potato, flour, beef and white fish. No declared allergens.",small plate,3.12,EUR,spinach;cream;potato;flour;beef;white fish,,,0,249,True
619,28,Cola,"Cola is a drink dish, made mainly with basic amenities. Suitable for the following diets: halal. Contains allergens: celery.",drink,3.54,EUR,,celery,halal,0,42,True
620,28,Spicy fried potatoes,"Spicy fried potatoes is a small plate dish, made mainly with beef, parsley, rice, sugar and bell pepper. No declared allergens. Spice level: 1/5.",small plate,4.99,EUR,beef;parsley;rice;sugar;bell pepper,,,1,240,True
621,28,Grilled peppers (signature),"Grilled peppers (signature) is a small plate dish, made mainly with paprika and bell pepper. No declared allergens.",small plate,4.47,EUR,paprika;bell pepper,,,0,180,True
622,28,Grilled peppers (house style),"Grilled peppers (house style) is a small plate dish, made mainly with cream, seafood, bell pepper, chocolate and olive oil. Contains allergens: gluten. Spice level: 2/5.",small plate,5.1,EUR,cream;seafood;bell pepper;chocolate;olive oil,gluten,,2,226,True
623,28,Grilled sirloin steak (chef's special),"Grilled sirloin steak (chef's special) is a main dish, made mainly with seafood and chocolate. Suitable for the following diets: lactose_free. No declared allergens.",main,14.96,EUR,seafood;chocolate,,lactose_free,0,733,True
624,28,Seasonal fruit,"Seasonal fruit is a dessert dish, made mainly with paprika and tomato. No declared allergens.",dessert,5.22,EUR,paprika;tomato,,,0,364,True
625,28,Specialty coffee,"Specialty coffee is a drink dish, made mainly with basic amenities. No declared allergens. Spice level: 1/5.",drink,3.6,EUR,,,,1,131,False
626,28,Grilled sirloin steak (traditional),"Grilled sirloin steak (traditional) is a main dish, made mainly with beef, garlic, lemon, cheese, paprika and potato. No declared allergens.",main,15.1,EUR,beef;garlic;lemon;cheese;paprika;potato,,,0,756,True
627,28,Confit cod,"Confit cod is a main dish, made mainly with cheese, milk, almond, onion and chicken. No declared allergens.",main,17.35,EUR,cheese;milk;almond;onion;chicken,,,0,525,True
628,28,Chicken curry,"Chicken curry is a main dish, made mainly with pork, parsley, onion and milk. No declared allergens.",main,14.77,EUR,pork;parsley;onion;milk,,,0,576,True
629,28,Homemade custard,"Homemade custard is a dessert dish, made mainly with pork and parsley. No declared allergens.",dessert,8.41,EUR,pork;parsley,,,0,398,True
630,28,Beef carpaccio (house style),"Beef carpaccio (house style) is a starter dish, made mainly with rice, egg, paprika and bell pepper. No declared allergens. Spice level: 4/5.",starter,8.94,EUR,rice;egg;paprika;bell pepper,,,4,209,True
631,28,Charcuterie board,"Charcuterie board is a starter dish, made mainly with parsley, onion, mushrooms, cream, lemon and almond. Contains allergens: fish, sesame and shellfish. Spice level: 3/5.",starter,7.41,EUR,parsley;onion;mushrooms;cream;lemon;almond,fish;sesame;shellfish,,3,232,True
632,28,Fresh pasta with wild mushrooms (house style),"Fresh pasta with wild mushrooms (house style) is a main dish, made mainly with white fish, chicken, bell pepper, pork, milk and potato. No declared allergens.",main,10.74,EUR,white fish;chicken;bell pepper;pork;milk;potato,,,0,658,False
633,29,Spicy fried potatoes,"Spicy fried potatoes is a small plate dish, made mainly with chocolate and seafood. No declared allergens.",small plate,3.21,EUR,chocolate;seafood,,,0,165,True
634,29,House wine (glass),"House wine (glass) is a drink dish, made mainly with basic amenities. Contains allergens: tree nuts and soy.",drink,2.68,EUR,,tree nuts;soy,,0,38,True
635,29,House wine (glass) (traditional),"House wine (glass) (traditional) is a drink dish, made mainly with basic amenities. Contains allergens: mustard and tree nuts.",drink,2.54,EUR,,mustard;tree nuts,,0,93,True
636,29,Craft beer,"Craft beer is a drink dish, made mainly with basic amenities. Suitable for the following diets: gluten_free. Contains allergens: fish and egg.",drink,1.2,EUR,,fish;egg,gluten_free,0,177,True
637,29,Beef carpaccio,"Beef carpaccio is a starter dish, made mainly with flour, garlic, white fish and potato. No declared allergens.",starter,8.14,EUR,flour;garlic;white fish;potato,,,0,197,False
638,29,Artisan ice cream,"Artisan ice cream is a dessert dish, made mainly with chicken and tomato. Contains allergens: fish and shellfish. Spice level: 1/5.",dessert,3.65,EUR,chicken;tomato,fish;shellfish,,1,465,False
639,29,House burger,"House burger is a main dish, made mainly with paprika and beef. No declared allergens.",main,11.63,EUR,paprika;beef,,,0,809,True
640,29,Spicy fried potatoes (traditional),"Spicy fried potatoes (traditional) is a small plate dish, made mainly with chocolate, onion and milk. Contains allergens: sesame.",small plate,3.28,EUR,chocolate;onion;milk,sesame,,0,273,True
641,29,Creamy seafood rice,"Creamy seafood rice is a main dish, made mainly with flour, seafood, potato, bell pepper and olive oil. Contains allergens: egg, celery and peanuts.",main,8.27,EUR,flour;seafood;potato;bell pepper;olive oil,egg;celery;peanuts,,0,723,True
642,29,Charcuterie board,"Charcuterie board is a starter dish, made mainly with beef, paprika, parsley, cream and onion. Contains allergens: sesame. Spice level: 2/5.",starter,2.99,EUR,beef;paprika;parsley;cream;onion,sesame,,2,319,True
643,29,Confit cod,"Confit cod is a main dish, made mainly with chicken, milk and bell pepper. Suitable for the following diets: vegan. Contains allergens: sesame, soy and milk.",main,7.78,EUR,chicken;milk;bell pepper,sesame;soy;milk,vegan,0,803,True
644,29,Specialty coffee,"Specialty coffee is a drink dish, made mainly with basic amenities. Contains allergens: lupin.",drink,1.54,EUR,,lupin,,0,130,True
645,29,Grilled sirloin steak,"Grilled sirloin steak is a main dish, made mainly with paprika, potato, sugar, bell pepper and garlic. Contains allergens: tree nuts and sesame.",main,13.39,EUR,paprika;potato;sugar;bell pepper;garlic,tree nuts;sesame,,0,714,True
646,29,Chocolate lava cake,"Chocolate lava cake is a dessert dish, made mainly with almond and rice. No declared allergens. Spice level: 1/5.",dessert,5.5,EUR,almond;rice,,,1,348,True
647,29,Spicy fried potatoes (house style),"Spicy fried potatoes (house style) is a small plate dish, made mainly with seafood, chocolate, bell pepper and flour. Suitable for the following diets: vegan and halal. No declared allergens. Spice level: 1/5.",small plate,3.56,EUR,seafood;chocolate;bell pepper;flour,,vegan;halal,1,234,True
648,29,Artisan ice cream (house style),"Artisan ice cream (house style) is a dessert dish, made mainly with seafood, paprika, sugar, rice, chicken and bell pepper. Suitable for the following diets: halal and kosher. Contains allergens: shellfish, sulphites and mustard.",dessert,3.11,EUR,seafood;paprika;sugar;rice;chicken;bell pepper,shellfish;sulphites;mustard,halal;kosher,0,491,True
649,29,Spanish-style omelette,"Spanish-style omelette is a small plate dish, made mainly with seafood, chicken and bell pepper. Contains allergens: egg, celery and soy.",small plate,2.41,EUR,seafood;chicken;bell pepper,egg;celery;soy,,0,101,True
650,29,Soup of the day,"Soup of the day is a starter dish, made mainly with cream, olive oil, flour, potato, rice and cheese. No declared allergens.",starter,5.93,EUR,cream;olive oil;flour;potato;rice;cheese,,,0,259,True
651,29,Seasonal fruit,"Seasonal fruit is a dessert dish, made mainly with parsley, potato, chocolate, garlic, cream and egg. No declared allergens.",dessert,4.44,EUR,parsley;potato;chocolate;garlic;cream;egg,,,0,370,True
652,29,Chicken curry,"Chicken curry is a main dish, made mainly with bell pepper, rice and chocolate. No declared allergens. Spice level: 3/5.",main,11.03,EUR,bell pepper;rice;chocolate,,,3,473,True
653,29,Oven-baked sea bass,"Oven-baked sea bass is a main dish, made mainly with mushrooms, paprika, sugar and spinach. Contains allergens: fish.",main,8.85,EUR,mushrooms;paprika;sugar;spinach,fish,,0,724,True
654,29,Grilled peppers,"Grilled peppers is a small plate dish, made mainly with seafood, parsley and onion. Suitable for the following diets: kosher and lactose_free. No declared allergens. Spice level: 2/5.",small plate,3.18,EUR,seafood;parsley;onion,,kosher;lactose_free,2,203,True
655,29,Soup of the day (chef's special),"Soup of the day (chef's special) is a starter dish, made mainly with olive oil, chicken, tomato and cream. Suitable for the following diets: gluten_free and vegan. No declared allergens. Spice level: 1/5.",starter,7.95,EUR,olive oil;chicken;tomato;cream,,gluten_free;vegan,1,246,True
656,29,House burger (house style),"House burger (house style) is a main dish, made mainly with paprika, onion, flour, pork and cheese. Suitable for the following diets: gluten_free and lactose_free. Contains allergens: sesame, soy and milk.",main,9.3,EUR,paprika;onion;flour;pork;cheese,sesame;soy;milk,gluten_free;lactose_free,0,582,True
657,29,Spanish-style omelette (traditional),"Spanish-style omelette (traditional) is a small plate dish, made mainly with egg and sugar. No declared allergens. Spice level: 3/5.",small plate,3.94,EUR,egg;sugar,,,3,171,True
658,29,Spicy fried potatoes (signature),"Spicy fried potatoes (signature) is a small plate dish, made mainly with spinach, rice, white fish, milk and mushrooms. Contains allergens: gluten.",small plate,3.71,EUR,spinach;rice;white fish;milk;mushrooms,gluten,,0,225,True
659,29,Warm mixed salad,"Warm mixed salad is a starter dish, made mainly with lemon and parsley. Contains allergens: sulphites.",starter,5.87,EUR,lemon;parsley,sulphites,,0,280,True
660,29,Craft beer (chef's special),"Craft beer (chef's special) is a drink dish, made mainly with basic amenities. Contains allergens: milk, gluten and mustard.",drink,2.18,EUR,,milk;gluten;mustard,,0,162,True
661,30,Oven-baked sea bass,"Oven-baked sea bass is a main dish, made mainly with milk and white fish. No declared allergens.",main,17.95,EUR,milk;white fish,,,0,784,True
662,30,Confit cod,"Confit cod is a main dish, made mainly with parsley, paprika and spinach. No declared allergens.",main,15.34,EUR,parsley;paprika;spinach,,,0,827,True
663,30,Soup of the day,"Soup of the day is a starter dish, made mainly with paprika, sugar, spinach, parsley, white fish and potato. Suitable for the following diets: vegan and gluten_free. Contains allergens: gluten. Spice level: 2/5.",starter,7.39,EUR,paprika;sugar;spinach;parsley;white fish;potato,gluten,vegan;gluten_free,2,278,True
664,30,House burger,"House burger is a main dish, made mainly with pork, cream, tomato, chocolate and onion. Contains allergens: celery, tree nuts and milk.",main,14.66,EUR,pork;cream;tomato;chocolate;onion,celery;tree nuts;milk,,0,751,True
665,30,Chicken curry,"Chicken curry is a main dish, made mainly with garlic, egg, rice and cheese. No declared allergens. Spice level: 5/5.",main,11.39,EUR,garlic;egg;rice;cheese,,,5,576,True
666,30,Grilled sirloin steak,"Grilled sirloin steak is a main dish, made mainly with cream, rice and onion. Contains allergens: peanuts, mustard and milk. Spice level: 4/5.",main,12.67,EUR,cream;rice;onion,peanuts;mustard;milk,,4,715,True
667,30,Hummus with crudités,"Hummus with crudités is a starter dish, made mainly with chocolate, cheese, chicken, white fish, rice and onion. No declared allergens. Spice level: 1/5.",starter,6.27,EUR,chocolate;cheese;chicken;white fish;rice;onion,,,1,231,True
668,30,Oven-baked sea bass (signature),"Oven-baked sea bass (signature) is a main dish, made mainly with egg, pork and chicken. No declared allergens. Spice level: 1/5.",main,16.64,EUR,egg;pork;chicken,,,1,760,True
669,30,Seasonal fruit,"Seasonal fruit is a dessert dish, made mainly with cheese, seafood, pork, egg, paprika and chicken. Contains allergens: molluscs and peanuts. Spice level: 4/5.",dessert,7.37,EUR,cheese;seafood;pork;egg;paprika;chicken,molluscs;peanuts,,4,250,True
670,30,Chicken curry (traditional),"Chicken curry (traditional) is a main dish, made mainly with spinach, chicken, lemon, sugar, beef and parsley. Contains allergens: shellfish and mustard. Spice level: 3/5.",main,12.7,EUR,spinach;chicken;lemon;sugar;beef;parsley,shellfish;mustard,,3,569,True
671,30,Oven-baked sea bass (house style),"Oven-baked sea bass (house style) is a main dish, made mainly with egg, bell pepper, lemon, cream, rice and spinach. No declared allergens. Spice level: 2/5.",main,15.64,EUR,egg;bell pepper;lemon;cream;rice;spinach,,,2,816,True
672,30,Grilled peppers,"Grilled peppers is a small plate dish, made mainly with almond and spinach. No declared allergens.",small plate,5.47,EUR,almond;spinach,,,0,217,True
673,30,Beef carpaccio,"Beef carpaccio is a starter dish, made mainly with rice, pork, parsley and chocolate. No declared allergens.",starter,6.76,EUR,rice;pork;parsley;chocolate,,,0,343,True
674,30,Marinated anchovies,"Marinated anchovies is a small plate dish, made mainly with beef, spinach, egg and pork. Suitable for the following diets: vegetarian and halal. No declared allergens.",small plate,5.14,EUR,beef;spinach;egg;pork,,vegetarian;halal,0,202,True
675,30,Grilled peppers (house style),"Grilled peppers (house style) is a small plate dish, made mainly with white fish, cheese, seafood, flour and chocolate. Contains allergens: soy. Spice level: 1/5.",small plate,5.12,EUR,white fish;cheese;seafood;flour;chocolate,soy,,1,167,True
676,30,Garlic shrimp,"Garlic shrimp is a small plate dish, made mainly with spinach and lemon. Suitable for the following diets: halal. No declared allergens.",small plate,7.47,EUR,spinach;lemon,,halal,0,151,True
677,30,House burger (house style),"House burger (house style) is a main dish, made mainly with mushrooms, seafood, onion, rice, pork and potato. Contains allergens: fish, sesame and sulphites.",main,16.84,EUR,mushrooms;seafood;onion;rice;pork;potato,fish;sesame;sulphites,,0,695,True
678,30,Soup of the day (house style),"Soup of the day (house style) is a starter dish, made mainly with paprika, milk and chocolate. Suitable for the following diets: gluten_free and vegetarian. Contains allergens: molluscs, celery and gluten. Spice level: 1/5.",starter,7.78,EUR,paprika;milk;chocolate,molluscs;celery;gluten,gluten_free;vegetarian,1,242,True
679,30,Mineral water,"Mineral water is a drink dish, made mainly with basic amenities. Contains allergens: tree nuts, peanuts and egg.",drink,3.83,EUR,,tree nuts;peanuts;egg,,0,192,True
680,30,Confit cod (house style),"Confit cod (house style) is a main dish, made mainly with onion, potato, mushrooms and lemon. No declared allergens.",main,15.72,EUR,onion;potato;mushrooms;lemon,,,0,870,True
681,30,Oven-baked sea bass (house style),"Oven-baked sea bass (house style) is a main dish, made mainly with tomato, bell pepper and white fish. No declared allergens.",main,13.44,EUR,tomato;bell pepper;white fish,,,0,586,True
682,30,Garden risotto,"Garden risotto is a main dish, made mainly with paprika and egg. No declared allergens. Spice level: 2/5.",main,10.45,EUR,paprika;egg,,,2,724,True
683,30,Garden risotto (signature),"Garden risotto (signature) is a main dish, made mainly with chicken, sugar, onion and potato. Contains allergens: shellfish and gluten. Spice level: 3/5.",main,11.15,EUR,chicken;sugar;onion;potato,shellfish;gluten,,3,517,True
684,30,Homemade custard,"Homemade custard is a dessert dish, made mainly with rice and beef. No declared allergens.",dessert,6.37,EUR,rice;beef,,,0,326,True
685,30,Creamy seafood rice,"Creamy seafood rice is a main dish, made mainly with garlic and milk. No declared allergens. Spice level: 1/5.",main,20.08,EUR,garlic;milk,,,1,576,True
686,30,Beef carpaccio (chef's special),"Beef carpaccio (chef's special) is a starter dish, made mainly with paprika, mushrooms, milk and sugar. Suitable for the following diets: kosher. No declared allergens. Spice level: 1/5.",starter,9.26,EUR,paprika;mushrooms;milk;sugar,,kosher,1,176,True
